pc_time,serial_num,sensor_ts,host_ts,ax,ay,az,gx,gy,gz,mx,my,mz,phase,rpe,weight_kg,ppg_a,ppg_b,ppg_c,ppg_d,ppg_e
2026-04-14 17:22:19.704377,246443,1609504833306828,2433276262,-1.139968,-0.042944,0.177632,24.14125,-20.34375,-2.31875,22.296001,27.240002,9.472,concentric,3,3.0,70073.0,253091.0,135322.0,247944.0,147234.0
2026-04-14 17:22:19.707655,246444,1609504833315909,2433285078,-1.139968,-0.042944,0.177632,23.98375,-16.00375,-1.58375,22.296001,27.240002,9.472,concentric,3,3.0,70073.0,253091.0,135322.0,247944.0,147234.0
2026-04-14 17:22:19.709479,246445,1609504833330389,2433300031,-1.177056,-0.060512,-0.031232,18.68125,-12.22375,-3.185,22.216002,27.696001,11.728001,concentric,3,3.0,70073.0,253091.0,135322.0,247944.0,147234.0
2026-04-14 17:22:19.712460,246446,1609504833339458,2433308741,-1.204384,-0.080032,-0.167872,12.67,-10.3075,-4.025,22.216002,27.336,9.176001,concentric,3,3.0,70073.0,253091.0,135322.0,247944.0,147234.0
2026-04-14 17:22:19.714391,246447,1609504833353897,2433323640,-1.204384,-0.080032,-0.167872,9.7825,-9.10875,-1.89875,21.424002,27.336,9.176001,concentric,3,3.0,70073.0,253091.0,135322.0,247944.0,147234.0
2026-04-14 17:22:19.716945,246448,1609504833362825,2433332311,-1.221952,-0.13664,-0.208864,6.265,-10.815,-0.63,21.136002,27.512001,12.280001,concentric,3,3.0,70073.0,253091.0,135322.0,247944.0,147234.0
2026-04-14 17:22:19.719517,246449,1609504833371847,2433341001,-1.221952,-0.13664,-0.208864,6.90375,-14.49,-0.30625,21.136002,27.512001,12.280001,concentric,3,3.0,70073.0,253091.0,135322.0,247944.0,147234.0
2026-04-14 17:22:19.722490,246450,1609504833386323,2433355910,-1.18096,-0.050752,0.035136,15.9775,-15.2775,0.77,21.000002,27.936,12.088,concentric,3,3.0,70073.0,253091.0,135322.0,247944.0,147234.0
2026-04-14 17:22:19.724962,246451,1609504833395264,2433364581,-1.18096,-0.050752,0.035136,22.12875,-14.14,0.0525,21.000002,27.936,12.088,concentric,3,3.0,70073.0,253091.0,135322.0,247944.0,147234.0
2026-04-14 17:22:19.757325,246462,1609504833409761,2433379509,-1.208288,-0.083936,-0.111264,20.3,-13.440001,-0.48125,20.904001,27.176,13.288001,concentric,3,3.0,60304.0,242798.0,122377.0,238296.0,134571.0
2026-04-14 17:22:19.757542,246463,1609504833418697,2433388181,-1.208288,-0.083936,-0.111264,16.02125,-13.46625,1.89875,20.904001,27.176,13.288001,concentric,3,3.0,60304.0,242798.0,122377.0,238296.0,134571.0
2026-04-14 17:22:19.760200,246464,1609504833433254,2433403066,-1.104832,-0.144448,-0.076128,12.8625,-13.195,3.98125,20.288,27.704,12.592001,concentric,3,3.0,60304.0,242798.0,122377.0,238296.0,134571.0
2026-04-14 17:22:19.761971,246465,1609504833442206,2433411806,-1.136064,-0.121024,0.080032,14.34125,-11.55875,6.08125,20.424002,27.264002,13.384001,concentric,3,3.0,60304.0,242798.0,122377.0,238296.0,134571.0
2026-04-14 17:22:19.764531,246466,1609504833451237,2433420525,-1.136064,-0.121024,0.080032,15.8375,-10.78875,9.5725,20.424002,27.264002,13.384001,concentric,3,3.0,60304.0,242798.0,122377.0,238296.0,134571.0
2026-04-14 17:22:19.767481,246467,1609504833465712,2433435466,-1.079456,-0.089792,0.07808,16.6775,-9.87,11.90875,20.6,26.752,12.744,concentric,3,3.0,60304.0,242798.0,122377.0,238296.0,134571.0
2026-04-14 17:22:19.769993,246468,1609504833474687,2433444165,-1.079456,-0.089792,0.07808,17.0625,-7.7875,12.775,20.6,26.752,12.744,concentric,3,3.0,60304.0,242798.0,122377.0,238296.0,134571.0
2026-04-14 17:22:19.772378,246469,1609504833489385,2433459058,-1.214144,-0.072224,-0.06832,17.08875,-7.23625,12.34625,21.224,26.648,13.488001,concentric,3,3.0,60304.0,242798.0,122377.0,238296.0,134571.0
2026-04-14 17:22:19.775004,246470,1609504833498448,2433467766,-1.214144,-0.072224,-0.06832,18.20875,-8.56625,13.74625,21.224,26.648,13.488001,concentric,3,3.0,60304.0,242798.0,122377.0,238296.0,134571.0
2026-04-14 17:22:19.804629,246481,1609504833507881,2433476601,-1.182912,-0.031232,0.03904,20.0725,-9.415,15.53125,21.296001,26.496002,14.456,concentric,3,3.0,57115.0,235791.0,117734.0,231762.0,130351.0
2026-04-14 17:22:19.807620,246482,1609504833522821,2433491573,-1.19072,0.01952,-0.021472,21.77,-9.00375,13.195,21.232,25.584002,13.856001,concentric,3,3.0,57115.0,235791.0,117734.0,231762.0,130351.0
2026-04-14 17:22:19.810086,246483,1609504833532207,2433502394,-1.19072,0.01952,-0.021472,23.66875,-8.155,10.45625,21.232,25.584002,13.856001,concentric,3,3.0,57115.0,235791.0,117734.0,231762.0,130351.0
2026-04-14 17:22:19.818832,246484,1609504833541183,2433511076,-1.153632,0.003904,-0.060512,22.6625,-7.35875,8.11125,21.320002,26.008001,12.960001,concentric,3,3.0,57115.0,235791.0,117734.0,231762.0,130351.0
2026-04-14 17:22:19.834691,246485,1609504833555732,2433525941,-1.153632,0.003904,-0.060512,15.16375,-6.76375,5.11875,21.320002,26.008001,12.960001,concentric,3,3.0,57115.0,235791.0,117734.0,231762.0,130351.0
2026-04-14 17:22:19.842993,246486,1609504833564723,2433534604,-1.218048,-0.05856,-0.154208,7.6475,-6.2475,3.54375,21.560001,25.68,13.176001,concentric,3,3.0,57115.0,235791.0,117734.0,231762.0,130351.0
2026-04-14 17:22:19.856295,246487,1609504833579229,2433549580,-1.218048,-0.05856,-0.154208,4.57625,-6.85125,2.52875,21.560001,25.68,13.176001,concentric,3,3.0,57115.0,235791.0,117734.0,231762.0,130351.0
2026-04-14 17:22:19.864675,246488,1609504833588167,2433558251,-1.085312,-0.103456,0.08784,6.29125,-8.26875,1.89,22.12,25.6,13.376,concentric,3,3.0,57115.0,235791.0,117734.0,231762.0,130351.0
2026-04-14 17:22:19.878819,246489,1609504833602638,2433571076,-1.14192,-0.035136,-0.101504,14.42875,-7.0175,2.73875,22.168001,25.408,14.016001,concentric,3,3.0,57115.0,235791.0,117734.0,231762.0,130351.0
2026-04-14 17:22:19.905968,246500,1609504833612024,2433582117,-1.14192,-0.035136,-0.101504,20.53625,-5.15375,3.45625,22.168001,25.408,14.016001,concentric,3,3.0,59965.0,238128.0,121789.0,234367.0,134439.0
2026-04-14 17:22:19.908410,246501,1609504833620955,2433590882,-1.110688,0.023424,0.113216,18.3925,-3.63125,3.2375,22.168001,25.408,16.032001,concentric,3,3.0,59965.0,238128.0,121789.0,234367.0,134439.0
2026-04-14 17:22:19.912627,246502,1609504833635461,2433605769,-1.11264,0.023424,0.113216,12.565,-2.63375,3.395,20.808,25.720001,16.032001,concentric,3,3.0,59965.0,238128.0,121789.0,234367.0,134439.0
2026-04-14 17:22:19.922674,246503,1609504833644410,2433614426,-1.089216,-0.083936,0.005856,4.92625,-1.88125,2.3975,21.104,25.024002,13.456,concentric,3,3.0,59965.0,238128.0,121789.0,234367.0,134439.0
2026-04-14 17:22:19.935696,246504,1609504833658906,2433627277,-1.089216,-0.083936,0.005856,0.56,-1.5925,1.785,21.104,25.024002,13.456,concentric,3,3.0,59965.0,238128.0,121789.0,234367.0,134439.0
2026-04-14 17:22:19.947068,246505,1609504833668122,2433637985,-1.14192,-0.0488,-0.10736,3.64,-1.3475,3.045,22.04,25.088001,13.584001,concentric,3,3.0,59965.0,238128.0,121789.0,234367.0,134439.0
2026-04-14 17:22:19.953831,246506,1609504833677136,2433646699,-1.14192,-0.0488,-0.10736,10.08875,-0.1225,2.82625,22.04,25.088001,13.584001,concentric,3,3.0,59965.0,238128.0,121789.0,234367.0,134439.0
2026-04-14 17:22:19.970068,246507,1609504833691601,2433661573,-1.056032,0.003904,0.060512,12.22375,-0.46375,1.84625,21.960001,24.752,13.76,concentric,3,3.0,59965.0,238128.0,121789.0,234367.0,134439.0
2026-04-14 17:22:19.977578,246508,1609504833700552,2433670259,-1.056032,0.003904,0.060512,10.0275,-0.67375,0.665,21.960001,24.752,13.76,concentric,3,3.0,59965.0,238128.0,121789.0,234367.0,134439.0
2026-04-14 17:22:20.053775,246519,1609504833715133,2433685211,-1.075552,-0.033184,0.001952,5.74,-0.9625,-1.91625,22.248001,24.856,14.304001,concentric,3,3.0,65401.0,244021.0,129478.0,240506.0,142022.0
2026-04-14 17:22:20.055888,246520,1609504833724037,2433693927,-1.069696,-0.040992,0.119072,0.945,-0.7,-4.06,21.256,25.112001,14.976001,concentric,3,3.0,65401.0,244021.0,129478.0,240506.0,142022.0
2026-04-14 17:22:20.058823,246521,1609504833738538,2433706923,-1.069696,-0.040992,0.119072,-0.5775,0.945,-5.59125,21.256,25.112001,14.976001,concentric,3,3.0,65401.0,244021.0,129478.0,240506.0,142022.0
2026-04-14 17:22:20.061345,246522,1609504833747720,2433717653,-1.032608,-0.05856,0.033184,-0.1575,2.17,-5.62625,21.152,25.016,14.792001,concentric,3,3.0,65401.0,244021.0,129478.0,240506.0,142022.0
2026-04-14 17:22:20.063828,246523,1609504833756641,2433726315,-1.032608,-0.05856,0.033184,2.4675,2.24,-4.865,21.152,25.016,14.792001,concentric,3,3.0,65401.0,244021.0,129478.0,240506.0,142022.0
2026-04-14 17:22:20.065747,246524,1609504833771148,2433741200,-1.167296,0.003904,-0.017568,3.78875,1.575,-4.92625,21.488,24.752,14.032001,concentric,3,3.0,65401.0,244021.0,129478.0,240506.0,142022.0
2026-04-14 17:22:20.068513,246525,1609504833780112,2433749884,-1.167296,0.003904,-0.017568,3.80625,1.995,-5.32,21.488,24.752,14.032001,concentric,3,3.0,65401.0,244021.0,129478.0,240506.0,142022.0
2026-04-14 17:22:20.073396,246526,1609504833794690,2433764840,-1.087264,0.005856,0.158112,0.84,2.6075,-6.53625,22.144001,24.920002,13.624001,concentric,3,3.0,65401.0,244021.0,129478.0,240506.0,142022.0
2026-04-14 17:22:20.081415,246527,1609504833803647,2433773541,-1.126304,-0.05856,-0.054656,-2.52,2.51125,-8.23375,22.160002,24.944,13.824,concentric,3,3.0,65401.0,244021.0,129478.0,240506.0,142022.0
2026-04-14 17:22:20.108856,246538,1609504833818274,2433788519,-1.126304,-0.05856,-0.054656,-3.42125,3.71,-8.8375,22.160002,24.944,13.824,concentric,3,3.0,69877.0,248280.0,135261.0,244621.0,147915.0
2026-04-14 17:22:20.111344,246539,1609504833827234,2433797240,-1.169248,-0.066368,-0.150304,0.34125,3.70125,-8.1725,22.04,24.864,13.952001,concentric,3,3.0,69877.0,248280.0,135261.0,244621.0,147915.0
2026-04-14 17:22:20.113831,246540,1609504833836210,2433806017,-1.169248,-0.066368,-0.150304,3.4825,2.58125,-8.5925,22.04,24.864,13.952001,concentric,3,3.0,69877.0,248280.0,135261.0,244621.0,147915.0
2026-04-14 17:22:20.129687,246541,1609504833850708,2433820927,-1.128256,0.03904,0.085888,5.495,2.345,-9.1,22.016,24.688002,13.52,concentric,3,3.0,69877.0,248280.0,135261.0,244621.0,147915.0
2026-04-14 17:22:20.137042,246542,1609504833859593,2433829597,-1.128256,0.03904,0.085888,3.6225,3.325,-9.98375,22.016,24.688002,13.52,concentric,3,3.0,69877.0,248280.0,135261.0,244621.0,147915.0
2026-04-14 17:22:20.149943,246543,1609504833874068,2433842445,-1.138016,-0.03904,0.02928,-4.47125,3.43,-12.4075,22.208,24.720001,13.656001,concentric,3,3.0,69877.0,248280.0,135261.0,244621.0,147915.0
2026-04-14 17:22:20.162469,246544,1609504833883257,2433853210,-1.079456,-0.18544,-0.10736,-13.23875,2.625,-13.76375,21.960001,24.928001,13.936001,concentric,3,3.0,69877.0,248280.0,135261.0,244621.0,147915.0
2026-04-14 17:22:20.170062,246545,1609504833892168,2433861869,-1.079456,-0.18544,-0.10736,-11.917501,3.5525,-12.59125,21.960001,24.928001,13.936001,concentric,3,3.0,69877.0,248280.0,135261.0,244621.0,147915.0
2026-04-14 17:22:20.207587,246556,1609504833906999,2433876794,-1.16144,-0.044896,-0.044896,-0.7175,4.73375,-10.10625,22.008001,24.880001,13.656001,concentric,3,3.0,76140.0,255025.0,143436.0,251241.0,156342.0
2026-04-14 17:22:20.209595,246557,1609504833916114,2433885604,-1.16144,-0.044896,-0.044896,9.2225,5.7575,-9.5375,22.008001,24.880001,13.656001,concentric,3,3.0,76140.0,255025.0,143436.0,251241.0,156342.0
2026-04-14 17:22:20.212615,246558,1609504833930694,2433900584,-1.19072,0.035136,-0.083936,10.2375,6.72,-10.4125,21.096,25.216002,15.136001,concentric,3,3.0,76140.0,255025.0,143436.0,251241.0,156342.0
2026-04-14 17:22:20.217580,246559,1609504833939635,2433909273,-1.19072,0.035136,-0.083936,3.94625,6.09875,-11.9525,21.096,25.216002,15.136001,concentric,3,3.0,76140.0,255025.0,143436.0,251241.0,156342.0
2026-04-14 17:22:20.250835,246560,1609504833948614,2433917956,-1.059936,-0.099552,0.056608,-5.18,5.915,-15.04125,21.072,24.928001,13.736001,concentric,3,3.0,76140.0,255025.0,143436.0,251241.0,156342.0
2026-04-14 17:22:20.253803,246561,1609504833963090,2433932876,-1.169248,-0.216672,-0.236192,-14.385,6.04625,-18.305,21.072,24.928001,15.784,concentric,3,3.0,76140.0,255025.0,143436.0,251241.0,156342.0
2026-04-14 17:22:20.256265,246562,1609504833971999,2433941549,-1.169248,-0.216672,-0.236192,-13.125,7.23625,-18.4975,21.128,25.264002,15.256001,concentric,3,3.0,76140.0,255025.0,143436.0,251241.0,156342.0
2026-04-14 17:22:20.263505,246563,1609504833986496,2433956433,-1.182912,-0.046848,-0.085888,-1.925,7.07,-17.675,20.816002,25.648,14.68,concentric,3,3.0,76140.0,255025.0,143436.0,251241.0,156342.0
2026-04-14 17:22:20.273846,246564,1609504833995446,2433965106,-1.182912,-0.046848,-0.085888,9.52,7.4725,-16.86125,20.816002,25.648,14.68,concentric,3,3.0,76140.0,255025.0,143436.0,251241.0,156342.0
2026-04-14 17:22:20.307612,246575,1609504834010496,2433980118,-1.15168,0.035136,0.099552,11.935,8.0675,-18.12125,20.896002,25.744001,13.240001,concentric,3,3.0,87902.0,265003.0,158820.0,261359.0,172040.0
2026-04-14 17:22:20.310105,246576,1609504834019426,2433988902,-1.15168,0.035136,0.099552,3.36,7.56875,-21.98875,20.896002,25.744001,13.240001,concentric,3,3.0,87902.0,265003.0,158820.0,261359.0,172040.0
2026-04-14 17:22:20.315471,246577,1609504834028434,2433997592,-1.079456,-0.1952,0.152256,-13.8425,7.20125,-26.20625,21.736002,25.52,13.440001,concentric,3,3.0,87902.0,265003.0,158820.0,261359.0,172040.0
2026-04-14 17:22:20.326855,246578,1609504834042944,2434012457,-1.079456,-0.1952,0.152256,-26.97625,9.0475,-28.88375,21.736002,25.52,13.440001,concentric,3,3.0,87902.0,265003.0,158820.0,261359.0,172040.0
2026-04-14 17:22:20.326955,246579,1609504834051851,2434021164,-1.177056,-0.232288,0.005856,-18.55875,12.83625,-26.32875,21.608002,25.448002,13.856001,concentric,3,3.0,87902.0,265003.0,158820.0,261359.0,172040.0
2026-04-14 17:22:20.343345,246580,1609504834066375,2434036150,-1.177056,-0.056608,0.044896,-0.875,15.155,-23.065,21.888,25.488,13.432001,concentric,3,3.0,87902.0,265003.0,158820.0,261359.0,172040.0
2026-04-14 17:22:20.391058,246581,1609504834075313,2434044827,-1.177056,-0.056608,0.044896,8.28625,16.45875,-21.5075,21.888,25.488,13.432001,concentric,3,3.0,87902.0,265003.0,158820.0,261359.0,172040.0
2026-04-14 17:22:20.393527,246582,1609504834089808,2434059696,-1.155584,-0.042944,0.105408,3.8675,16.24,-21.91,20.880001,26.256,14.208001,concentric,3,3.0,87902.0,265003.0,158820.0,261359.0,172040.0
2026-04-14 17:22:20.396016,246583,1609504834098749,2434068371,-1.155584,-0.042944,0.105408,-7.34125,14.25375,-27.30875,20.880001,26.256,14.208001,concentric,3,3.0,87902.0,265003.0,158820.0,261359.0,172040.0
2026-04-14 17:22:20.433230,246594,1609504834108080,2434077027,-1.10288,-0.22448,0.113216,-14.6825,14.665,-31.710001,20.576,26.248001,13.752001,concentric,3,3.0,103961.0,277229.0,177511.0,272164.0,191355.0
2026-04-14 17:22:20.435720,246595,1609504834122609,2434091967,-1.10288,-0.22448,0.113216,-17.89375,17.52625,-34.51,20.576,26.248001,13.752001,concentric,3,3.0,103961.0,277229.0,177511.0,272164.0,191355.0
2026-04-14 17:22:20.438498,246596,1609504834131540,2434100651,-1.225856,-0.21472,-0.0976,-10.03625,20.18625,-34.64125,20.336,26.112001,13.704,concentric,3,3.0,103961.0,277229.0,177511.0,272164.0,191355.0
2026-04-14 17:22:20.440918,246597,1609504834146038,2434115569,-1.218048,-0.050752,-0.16592,4.515,20.6325,-31.6575,20.712002,26.192001,12.808001,concentric,3,3.0,103961.0,277229.0,177511.0,272164.0,191355.0
2026-04-14 17:22:20.443521,246598,1609504834154988,2434124243,-1.218048,-0.050752,-0.16592,11.34,18.83875,-30.397501,20.712002,26.192001,12.808001,concentric,3,3.0,103961.0,277229.0,177511.0,272164.0,191355.0
2026-04-14 17:22:20.446029,246599,1609504834163915,2434133021,-1.218048,-0.050752,0.052704,5.81,17.535,-32.76,20.712002,26.192001,12.808001,concentric,3,3.0,103961.0,277229.0,177511.0,272164.0,191355.0
2026-04-14 17:22:20.454741,246600,1609504834178388,2434147914,-1.227808,-0.056608,0.0488,-8.04125,17.99,-36.47,21.320002,26.320002,13.928,concentric,3,3.0,103961.0,277229.0,177511.0,272164.0,191355.0
2026-04-14 17:22:20.464593,246601,1609504834187316,2434156558,-1.159488,-0.304512,-0.111264,-19.1625,21.1575,-39.235,20.296001,26.28,13.256001,concentric,3,3.0,103961.0,277229.0,177511.0,272164.0,191355.0
2026-04-14 17:22:20.479803,246602,1609504834201801,2434171413,-1.159488,-0.304512,-0.111264,-22.303751,26.59125,-38.63125,20.296001,26.28,13.256001,concentric,3,3.0,103961.0,277229.0,177511.0,272164.0,191355.0
2026-04-14 17:22:20.509602,246613,1609504834211304,2434180192,-1.22976,-0.203008,-0.249856,-13.6325,31.29,-35.91875,21.2,26.272001,13.064001,concentric,3,3.0,110520.0,282252.0,184760.0,274937.0,198513.0
2026-04-14 17:22:20.512008,246614,1609504834220899,2434191004,-1.22976,-0.203008,-0.249856,-0.245,31.885,-33.7925,21.2,26.272001,13.064001,concentric,3,3.0,110520.0,282252.0,184760.0,274937.0,198513.0
2026-04-14 17:22:20.514332,246615,1609504834235388,2434203858,-1.186816,-0.054656,-0.080032,2.65125,29.1375,-35.00875,19.672,26.496002,14.280001,concentric,3,3.0,110520.0,282252.0,184760.0,274937.0,198513.0
2026-04-14 17:22:20.522046,246616,1609504834244686,2434214658,-1.186816,-0.11712,0.035136,1.12875,25.12125,-37.1875,19.672,26.496002,14.280001,concentric,3,3.0,110520.0,282252.0,184760.0,274937.0,198513.0
2026-04-14 17:22:20.534600,246617,1609504834259177,2434227531,-1.153632,-0.124928,0.035136,-3.87625,21.07,-40.888752,19.224,26.384,12.528001,concentric,3,3.0,110520.0,282252.0,184760.0,274937.0,198513.0
2026-04-14 17:22:20.545956,246618,1609504834268391,2434238285,-1.175104,-0.279136,-0.169824,-7.65625,21.11375,-44.03875,19.960001,26.024002,12.56,concentric,3,3.0,110520.0,282252.0,184760.0,274937.0,198513.0
2026-04-14 17:22:20.554779,246619,1609504834277335,2434246952,-1.175104,-0.279136,-0.169824,-9.695,24.28125,-44.5375,19.960001,26.024002,12.56,concentric,3,3.0,110520.0,282252.0,184760.0,274937.0,198513.0
2026-04-14 17:22:20.572274,246620,1609504834291809,2434261815,-1.237568,-0.119072,-0.013664,-4.83,27.85125,-41.25625,19.76,26.072,11.848001,concentric,3,3.0,110520.0,282252.0,184760.0,274937.0,198513.0
2026-04-14 17:22:20.578336,246621,1609504834300745,2434270599,-1.237568,-0.119072,-0.013664,0.98875,29.3825,-39.62,19.76,26.072,11.848001,concentric,3,3.0,110520.0,282252.0,184760.0,274937.0,198513.0
2026-04-14 17:22:20.609337,246632,1609504834315332,2434283817,-1.218048,-0.167872,-0.193248,-2.0825,29.995,-41.0725,20.016,25.864,12.808001,concentric,3,3.0,116248.0,285574.0,191579.0,276309.0,205585.0
2026-04-14 17:22:20.611804,246633,1609504834324696,2434294618,-1.218048,-0.167872,-0.193248,-7.7175,28.595,-44.02125,20.016,25.864,12.808001,concentric,3,3.0,116248.0,285574.0,191579.0,276309.0,205585.0
2026-04-14 17:22:20.614268,246634,1609504834333665,2434303300,-1.247328,-0.189344,-0.23424,-4.9175,29.19,-47.03125,19.0,25.856,12.968,concentric,3,3.0,116248.0,285574.0,191579.0,276309.0,205585.0
2026-04-14 17:22:20.624461,246635,1609504834348150,2434318244,-1.196576,-0.22448,-0.138592,2.96625,30.3275,-48.405,18.904001,25.52,12.816001,concentric,3,3.0,116248.0,285574.0,191579.0,276309.0,205585.0
2026-04-14 17:22:20.633403,246636,1609504834357087,2434327005,-1.196576,-0.22448,-0.138592,3.395,29.05,-49.51625,18.904001,25.52,12.816001,concentric,3,3.0,116248.0,285574.0,191579.0,276309.0,205585.0
2026-04-14 17:22:20.649626,246637,1609504834371583,2434341894,-1.257088,-0.220576,-0.177632,1.4175,27.0725,-48.74625,18.720001,25.624,12.856001,concentric,3,3.0,116248.0,285574.0,191579.0,276309.0,205585.0
2026-04-14 17:22:20.659742,246638,1609504834380489,2434350564,-1.257088,-0.220576,-0.177632,-0.07,24.4475,-47.11,18.720001,25.624,12.856001,concentric,3,3.0,116248.0,285574.0,191579.0,276309.0,205585.0
2026-04-14 17:22:20.674748,246639,1609504834394951,2434363369,-1.192672,-0.187392,0.017568,-0.49875,24.6925,-46.7075,18.608002,25.776001,14.016001,concentric,3,3.0,116248.0,285574.0,191579.0,276309.0,205585.0
2026-04-14 17:22:20.681105,246640,1609504834404149,2434374130,-1.192672,-0.187392,0.017568,3.0625,29.015,-46.795002,18.608002,25.776001,14.016001,concentric,3,3.0,116248.0,285574.0,191579.0,276309.0,205585.0
2026-04-14 17:22:20.710875,246651,1609504834413273,2434382839,-1.221952,-0.208864,-0.294752,6.04625,33.9675,-48.3875,18.400002,26.304,14.56,concentric,3,3.0,122619.0,289911.0,198271.0,278290.0,212715.0
2026-04-14 17:22:20.713700,246652,1609504834427837,2434397856,-1.198528,-0.32208,-0.314272,5.3025,35.665,-50.93375,16.392,27.472002,16.648,concentric,3,3.0,122619.0,289911.0,198271.0,278290.0,212715.0
2026-04-14 17:22:20.716540,246653,1609504834436775,2434406577,-1.198528,-0.32208,-0.314272,4.47125,33.31125,-51.07375,16.392,27.472002,16.648,concentric,3,3.0,122619.0,289911.0,198271.0,278290.0,212715.0
2026-04-14 17:22:20.741353,246654,1609504834451288,2434421488,-1.175104,-0.314272,-0.169824,2.49375,30.5025,-50.015,16.216002,28.064001,15.64,concentric,3,3.0,122619.0,289911.0,198271.0,278290.0,212715.0
2026-04-14 17:22:20.763871,246655,1609504834460203,2434430195,-1.175104,-0.314272,-0.169824,4.69,28.1575,-45.7975,16.216002,28.064001,15.64,concentric,3,3.0,122619.0,289911.0,198271.0,278290.0,212715.0
2026-04-14 17:22:20.766400,246656,1609504834474824,2434445073,-1.110688,-0.189344,-0.060512,8.636251,26.6175,-41.60625,16.744001,28.672,16.288,concentric,3,3.0,122619.0,289911.0,198271.0,278290.0,212715.0
2026-04-14 17:22:20.768874,246657,1609504834483766,2434453766,-1.110688,-0.189344,-0.060512,11.24375,29.65375,-41.2125,16.744001,28.672,16.288,concentric,3,3.0,122619.0,289911.0,198271.0,278290.0,212715.0
2026-04-14 17:22:20.771406,246658,1609504834492685,2434462451,-1.247328,-0.294752,-0.28304,3.94625,32.96125,-45.66625,16.784,30.072,16.056002,concentric,3,3.0,122619.0,289911.0,198271.0,278290.0,212715.0
2026-04-14 17:22:20.785932,246659,1609504834507162,2434477362,-1.22,-0.220576,-0.142496,-0.97125,36.68875,-47.83625,17.536001,30.752,17.880001,concentric,3,3.0,122619.0,289911.0,198271.0,278290.0,212715.0
2026-04-14 17:22:20.813843,246670,1609504834516123,2434486083,-1.22,-0.220576,-0.142496,5.0575,40.565,-49.1925,17.536001,30.752,17.880001,concentric,3,3.0,130353.0,296862.0,206529.0,282188.0,221219.0
2026-04-14 17:22:20.816035,246671,1609504834530636,2434500966,-1.095072,-0.30256,-0.093696,13.08125,42.638752,-49.70875,16.984001,31.568,15.288001,concentric,3,3.0,130353.0,296862.0,206529.0,282188.0,221219.0
2026-04-14 17:22:20.818839,246672,1609504834539580,2434509705,-1.095072,-0.30256,-0.093696,5.0925,42.2625,-51.54625,16.984001,31.568,15.288001,concentric,3,3.0,130353.0,296862.0,206529.0,282188.0,221219.0
2026-04-14 17:22:20.825060,246673,1609504834548545,2434518403,-1.202432,-0.236192,-0.13664,0.86625,42.11375,-49.84875,17.288,31.288002,14.464001,concentric,3,3.0,130353.0,296862.0,206529.0,282188.0,221219.0
2026-04-14 17:22:20.841341,246674,1609504834563026,2434533287,-1.202432,-0.236192,-0.13664,1.98625,44.59,-50.3825,17.288,31.288002,14.464001,concentric,3,3.0,130353.0,296862.0,206529.0,282188.0,221219.0
2026-04-14 17:22:20.850112,246675,1609504834571978,2434541978,-1.23952,-0.257664,-0.216672,7.77875,47.7575,-49.11375,17.456001,31.848001,13.496,concentric,3,3.0,130353.0,296862.0,206529.0,282188.0,221219.0
2026-04-14 17:22:20.862057,246676,1609504834586433,2434554813,-1.23952,-0.257664,-0.216672,8.6975,48.825,-48.895,17.456001,31.848001,13.496,concentric,3,3.0,130353.0,296862.0,206529.0,282188.0,221219.0
2026-04-14 17:22:20.893699,246677,1609504834595595,2434565559,-1.153632,-0.376736,-0.130784,8.33,45.87625,-45.465,17.408,31.896002,14.336,concentric,3,3.0,130353.0,296862.0,206529.0,282188.0,221219.0
2026-04-14 17:22:20.896210,246678,1609504834610098,2434578467,-1.251232,-0.142496,-0.187392,7.20125,41.48375,-39.7425,17.424002,31.760002,11.864,concentric,3,3.0,130353.0,296862.0,206529.0,282188.0,221219.0
2026-04-14 17:22:20.923344,246689,1609504834619732,2434589256,-1.251232,-0.142496,-0.187392,9.82625,38.045002,-34.25625,17.424002,31.760002,11.864,concentric,3,3.0,133673.0,300910.0,210233.0,284259.0,224460.0
2026-04-14 17:22:20.926282,246690,1609504834628673,2434598003,-1.184864,-0.183488,-0.220576,18.6725,39.9875,-32.1475,17.376001,31.704002,11.648001,concentric,3,3.0,133673.0,300910.0,210233.0,284259.0,224460.0
2026-04-14 17:22:20.928785,246691,1609504834643283,2434612892,-1.184864,-0.183488,-0.220576,8.77625,40.775,-36.0675,17.376001,31.704002,11.648001,concentric,3,3.0,133673.0,300910.0,210233.0,284259.0,224460.0
2026-04-14 17:22:20.931325,246692,1609504834652273,2434621605,-1.206336,-0.404064,-0.372832,-0.63875,40.73125,-36.65375,17.240002,32.024002,11.144,concentric,3,3.0,133673.0,300910.0,210233.0,284259.0,224460.0
2026-04-14 17:22:20.943694,246693,1609504834666747,2434636545,-1.206336,-0.404064,-0.372832,2.14375,38.42125,-33.4425,17.240002,32.024002,11.144,concentric,3,3.0,133673.0,300910.0,210233.0,284259.0,224460.0
2026-04-14 17:22:20.952251,246694,1609504834675659,2434645208,-1.098976,-0.218624,-0.216672,17.465,37.54625,-26.5825,17.224,31.608002,10.616,concentric,3,3.0,133673.0,300910.0,210233.0,284259.0,224460.0
2026-04-14 17:22:20.962610,246695,1609504834684600,2434653869,-1.098976,-0.218624,-0.216672,14.77875,35.37625,-24.6575,17.224,31.608002,10.616,concentric,3,3.0,133673.0,300910.0,210233.0,284259.0,224460.0
2026-04-14 17:22:20.979347,246696,1609504834699077,2434668785,-1.03456,-0.232288,-0.044896,0.2625,34.265,-22.8375,17.056002,31.720001,11.68,concentric,3,3.0,133673.0,300910.0,210233.0,284259.0,224460.0
2026-04-14 17:22:20.985030,246697,1609504834707981,2434677458,-1.087264,-0.296704,-0.07808,-5.9325,36.715,-23.17,17.056002,31.720001,8.952001,concentric,3,3.0,133673.0,300910.0,210233.0,284259.0,224460.0
2026-04-14 17:22:21.014786,246708,1609504834722529,2434692457,-1.087264,-0.296704,-0.07808,-6.55375,40.99375,-23.24875,15.960001,31.736002,8.952001,concentric,3,3.0,133372.0,303573.0,211245.0,286541.0,225317.0
2026-04-14 17:22:21.017519,246709,1609504834731460,2434701176,-1.091168,-0.306464,-0.47824,-1.925,41.965,-20.9475,15.944001,31.648,10.344001,concentric,3,3.0,133372.0,303573.0,211245.0,286541.0,225317.0
2026-04-14 17:22:21.023431,246710,1609504834746018,2434716132,-1.091168,-0.306464,-0.47824,5.18875,38.49125,-16.9925,15.944001,31.648,10.344001,concentric,3,3.0,133372.0,303573.0,211245.0,286541.0,225317.0
2026-04-14 17:22:21.032001,246711,1609504834754948,2434724830,-1.01504,-0.238144,-0.366976,7.595,30.765,-17.15875,16.28,31.224,7.536,concentric,3,3.0,133372.0,303573.0,211245.0,286541.0,225317.0
2026-04-14 17:22:21.042575,246712,1609504834763887,2434733499,-1.01504,-0.238144,-0.366976,7.02625,23.0475,-16.1525,16.28,31.224,7.536,concentric,3,3.0,133372.0,303573.0,211245.0,286541.0,225317.0
2026-04-14 17:22:21.055829,246713,1609504834778344,2434748350,-0.923296,-0.222528,-0.37088,4.52375,18.55875,-17.98125,16.368,31.352001,10.288,concentric,3,3.0,133372.0,303573.0,211245.0,286541.0,225317.0
2026-04-14 17:22:21.064836,246714,1609504834787316,2434757118,-0.923296,-0.222528,-0.37088,-3.2025,18.8825,-22.4,16.368,31.352001,10.288,concentric,3,3.0,133372.0,303573.0,211245.0,286541.0,225317.0
2026-04-14 17:22:21.078720,246715,1609504834801780,2434771980,-0.85888,-0.402112,-0.220576,-0.8225,19.7575,-22.88125,16.08,31.968002,10.624001,eccentric,3,3.0,133372.0,303573.0,211245.0,286541.0,225317.0
2026-04-14 17:22:21.173399,246727,1609504834810696,2434780615,-0.76128,-0.30256,-0.206912,2.695,21.93625,-25.89125,14.136001,32.008003,11.992001,eccentric,3,3.0,131451.0,307258.0,207821.0,289549.0,221967.0
2026-04-14 17:22:21.175909,246728,1609504834825266,2434795506,-0.76128,-0.30256,-0.206912,8.18125,19.11875,-24.491251,14.136001,32.008003,11.992001,eccentric,3,3.0,131451.0,307258.0,207821.0,289549.0,221967.0
2026-04-14 17:22:21.178300,246729,1609504834834211,2434804166,-0.732,-0.296704,-0.42944,14.665,15.30375,-26.005,13.488001,32.072002,11.648001,eccentric,3,3.0,131451.0,307258.0,207821.0,289549.0,221967.0
2026-04-14 17:22:21.180909,246730,1609504834843114,2434812871,-0.732,-0.296704,-0.42944,9.40625,10.605001,-32.20875,13.488001,32.072002,11.648001,eccentric,3,3.0,131451.0,307258.0,207821.0,289549.0,221967.0
2026-04-14 17:22:21.183299,246731,1609504834857608,2434827782,-0.716384,-0.396256,-0.484096,10.73625,8.47,-34.3525,14.000001,31.832,11.480001,eccentric,3,3.0,131451.0,307258.0,207821.0,289549.0,221967.0
2026-04-14 17:22:21.185984,246732,1609504834866501,2434836487,-0.716384,-0.396256,-0.484096,8.89,8.26875,-39.06875,14.000001,31.832,11.480001,eccentric,3,3.0,131451.0,307258.0,207821.0,289549.0,221967.0
2026-04-14 17:22:21.188417,246733,1609504834881049,2434851374,-0.720288,-0.327936,-0.470432,13.93,5.6,-40.3725,13.896001,31.624,10.864,eccentric,3,3.0,131451.0,307258.0,207821.0,289549.0,221967.0
2026-04-14 17:22:21.190978,246734,1609504834890000,2434860145,-0.591456,-0.277184,-0.150304,31.0275,4.76875,-37.45875,12.984,31.400002,10.352,eccentric,3,3.0,131451.0,307258.0,207821.0,289549.0,221967.0
2026-04-14 17:22:21.193478,246735,1609504834904544,2434873028,-0.591456,-0.277184,-0.150304,25.29625,7.14875,-46.12125,12.984,31.400002,10.352,eccentric,3,3.0,131451.0,307258.0,207821.0,289549.0,221967.0
2026-04-14 17:22:21.223240,246746,1609504834914397,2434883863,-0.732,-0.240096,-0.392352,15.07625,12.0225,-49.5075,12.392,31.880001,11.248,eccentric,3,3.0,122539.0,308319.0,195441.0,289241.0,209471.0
2026-04-14 17:22:21.225809,246747,1609504834923389,2434892587,-0.732,-0.240096,-0.392352,13.43125,18.795,-49.245,12.392,31.880001,11.248,eccentric,3,3.0,122539.0,308319.0,195441.0,289241.0,209471.0
2026-04-14 17:22:21.228513,246748,1609504834937995,2434907509,-0.665632,-0.441152,-0.30256,13.99125,23.21375,-48.90375,12.448001,31.696001,10.120001,eccentric,3,3.0,122539.0,308319.0,195441.0,289241.0,209471.0
2026-04-14 17:22:21.230930,246749,1609504834946923,2434916189,-0.665632,-0.441152,-0.30256,6.125,25.24375,-50.1375,12.448001,31.696001,10.120001,eccentric,3,3.0,122539.0,308319.0,195441.0,289241.0,209471.0
2026-04-14 17:22:21.240346,246750,1609504834961413,2434931175,-0.716384,-0.28304,-0.212768,10.7275,25.4975,-47.22375,12.848001,31.312002,10.592001,eccentric,3,3.0,122539.0,308319.0,195441.0,289241.0,209471.0
2026-04-14 17:22:21.248159,246751,1609504834970470,2434939867,-0.677344,-0.284992,-0.11712,22.522501,26.1275,-42.28,12.616,31.432001,11.848001,eccentric,3,3.0,122539.0,308319.0,195441.0,289241.0,209471.0
2026-04-14 17:22:21.257185,246752,1609504834979454,2434948559,-0.677344,-0.284992,-0.11712,18.7075,23.05625,-39.29625,12.616,31.432001,11.848001,eccentric,3,3.0,122539.0,308319.0,195441.0,289241.0,209471.0
2026-04-14 17:22:21.269816,246753,1609504834993959,2434963482,-0.618784,-0.40016,-0.208864,15.61875,22.58375,-35.035,11.824,31.816002,11.648001,eccentric,3,3.0,122539.0,308319.0,195441.0,289241.0,209471.0
2026-04-14 17:22:21.279796,246754,1609504835002902,2434972167,-0.618784,-0.40016,-0.208864,19.285,21.60375,-30.03,11.824,31.816002,11.648001,eccentric,3,3.0,122539.0,308319.0,195441.0,289241.0,209471.0
2026-04-14 17:22:21.313554,246765,1609504835017552,2434987121,-0.632448,-0.240096,-0.216672,17.8675,17.61375,-28.4375,10.696,31.824001,12.440001,eccentric,3,3.0,127132.0,309474.0,200965.0,290655.0,216743.0
2026-04-14 17:22:21.318530,246766,1609504835026506,2434995817,-0.632448,-0.240096,-0.216672,12.59125,14.1225,-30.68625,10.696,31.824001,12.440001,eccentric,3,3.0,127132.0,309474.0,200965.0,290655.0,216743.0
2026-04-14 17:22:21.321022,246767,1609504835035436,2435004585,-0.571936,-0.46848,-0.228384,7.00875,13.39625,-31.22875,11.920001,31.232002,10.864,eccentric,3,3.0,127132.0,309474.0,200965.0,290655.0,216743.0
2026-04-14 17:22:21.327359,246768,1609504835049913,2435019474,-0.571936,-0.255712,-0.191296,6.48375,14.6125,-25.54125,11.920001,31.232002,10.864,eccentric,3,3.0,127132.0,309474.0,200965.0,290655.0,216743.0
2026-04-14 17:22:21.336136,246769,1609504835058830,2435028151,-0.708576,-0.255712,-0.191296,7.0,16.2925,-20.01125,12.048,31.496002,10.344001,eccentric,3,3.0,127132.0,309474.0,200965.0,290655.0,216743.0
2026-04-14 17:22:21.353247,246770,1609504835073301,2435043042,-0.6832,-0.374784,-0.286944,0.9625,17.8675,-17.77125,11.64,31.600002,10.480001,eccentric,3,3.0,127132.0,309474.0,200965.0,290655.0,216743.0
2026-04-14 17:22:21.358501,246771,1609504835082265,2435051781,-0.6832,-0.374784,-0.286944,-6.2475,17.99,-16.14375,11.64,31.600002,10.480001,eccentric,3,3.0,127132.0,309474.0,200965.0,290655.0,216743.0
2026-04-14 17:22:21.374439,246772,1609504835096772,2435066652,-0.667584,-0.450912,-0.33184,-3.00125,14.7,-13.65,11.8,31.784002,11.688001,eccentric,3,3.0,127132.0,309474.0,200965.0,290655.0,216743.0
2026-04-14 17:22:21.381919,246773,1609504835105715,2435075332,-0.667584,-0.450912,-0.33184,-4.9875,10.75375,-10.823751,11.8,31.784002,11.688001,eccentric,3,3.0,127132.0,309474.0,200965.0,290655.0,216743.0
2026-04-14 17:22:21.413866,246784,1609504835114803,2435084186,-0.669536,-0.329888,-0.163968,-8.925,6.615,-4.9,11.128,31.896002,11.408001,eccentric,3,3.0,122854.0,310738.0,196092.0,291382.0,211654.0
2026-04-14 17:22:21.416307,246785,1609504835129341,2435099108,-0.669536,-0.329888,-0.163968,-7.60375,4.97875,1.12,11.128,31.896002,11.408001,eccentric,3,3.0,122854.0,310738.0,196092.0,291382.0,211654.0
2026-04-14 17:22:21.421090,246786,1609504835138294,2435107793,-0.689056,-0.42944,-0.320128,-10.92875,6.08125,3.57875,11.072001,31.584002,9.528001,eccentric,3,3.0,122854.0,310738.0,196092.0,291382.0,211654.0
2026-04-14 17:22:21.430109,246787,1609504835152816,2435122754,-0.671488,-0.363072,-0.025376,-12.81,5.5125,5.6875,11.512,31.912,11.256001,eccentric,3,3.0,122854.0,310738.0,196092.0,291382.0,211654.0
2026-04-14 17:22:21.440223,246788,1609504835161735,2435131439,-0.671488,-0.363072,-0.025376,-9.835,6.3525,7.5775,11.512,31.912,11.256001,eccentric,3,3.0,122854.0,310738.0,196092.0,291382.0,211654.0
2026-04-14 17:22:21.477503,246789,1609504835176236,2435146304,-0.735904,-0.345504,-0.357216,-23.1525,7.49875,8.1725,12.256001,31.568,10.0,eccentric,3,3.0,122854.0,310738.0,196092.0,291382.0,211654.0
2026-04-14 17:22:21.499839,246790,1609504835185152,2435154963,-0.735904,-0.345504,-0.357216,-27.973751,8.2075,12.1625,12.256001,31.568,10.0,eccentric,3,3.0,122854.0,310738.0,196092.0,291382.0,211654.0
2026-04-14 17:22:21.502621,246791,1609504835194073,2435163718,-0.74176,-0.38064,-0.437248,-28.51625,5.0225,14.323751,12.416,31.936,9.888001,eccentric,3,3.0,122854.0,310738.0,196092.0,291382.0,211654.0
2026-04-14 17:22:21.534068,246792,1609504835208541,2435178606,-0.74176,-0.38064,-0.437248,-25.6725,-4.445,17.8325,12.416,31.936,9.888001,eccentric,3,3.0,122854.0,310738.0,196092.0,291382.0,211654.0
2026-04-14 17:22:21.559965,246803,1609504835217797,2435187380,-0.71248,-0.427488,-0.103456,-15.70625,-11.08625,20.29125,12.72,31.952002,9.704,eccentric,3,3.0,114995.0,308376.0,185859.0,288779.0,202059.0
2026-04-14 17:22:21.562372,246804,1609504835232299,2435202232,-0.71248,-0.357216,-0.158112,-15.190001,-13.46625,24.053751,13.368001,32.04,9.544001,eccentric,3,3.0,114995.0,308376.0,185859.0,288779.0,202059.0
2026-04-14 17:22:21.564569,246805,1609504835241247,2435210958,-0.71248,-0.357216,-0.158112,-23.2575,-9.26625,28.83125,13.368001,32.04,9.544001,eccentric,3,3.0,114995.0,308376.0,185859.0,288779.0,202059.0
2026-04-14 17:22:21.567488,246806,1609504835255722,2435225837,-0.74176,-0.304512,-0.46848,-30.1175,-5.13625,32.445,13.448001,31.816002,9.432,eccentric,3,3.0,114995.0,308376.0,185859.0,288779.0,202059.0
2026-04-14 17:22:21.570065,246807,1609504835264660,2435234512,-0.74176,-0.304512,-0.46848,-31.1675,-5.87125,29.70625,13.448001,31.816002,9.432,eccentric,3,3.0,114995.0,308376.0,185859.0,288779.0,202059.0
2026-04-14 17:22:21.572557,246808,1609504835273708,2435243260,-0.714432,-0.472384,-0.240096,-31.1325,-14.93625,26.565,14.112,31.744001,9.472,eccentric,3,3.0,114995.0,308376.0,185859.0,288779.0,202059.0
2026-04-14 17:22:21.574579,246809,1609504835288279,2435258251,-0.714432,-0.472384,-0.240096,-21.4025,-20.74625,31.2025,14.112,31.744001,9.472,eccentric,3,3.0,114995.0,308376.0,185859.0,288779.0,202059.0
2026-04-14 17:22:21.577597,246810,1609504835297205,2435266991,-0.69296,-0.296704,-0.113216,-19.25875,-19.705,39.305,14.016001,32.256,10.168,eccentric,3,3.0,114995.0,308376.0,185859.0,288779.0,202059.0
2026-04-14 17:22:21.589522,246811,1609504835311708,2435281884,-0.755424,-0.244,-0.242048,-26.71375,-15.6625,44.1,14.016001,32.256,6.544,eccentric,3,3.0,114995.0,308376.0,185859.0,288779.0,202059.0
2026-04-14 17:22:21.617539,246822,1609504835320805,2435290649,-0.763232,-0.244,-0.242048,-33.22375,-14.04375,44.16125,14.104001,32.176003,6.544,eccentric,3,3.0,113378.0,305154.0,184188.0,286032.0,200292.0
2026-04-14 17:22:21.620034,246823,1609504835329763,2435299339,-0.763232,-0.244,-0.242048,-34.58875,-17.28125,40.95875,14.104001,32.176003,6.544,eccentric,3,3.0,113378.0,305154.0,184188.0,286032.0,200292.0
2026-04-14 17:22:21.622570,246824,1609504835344386,2435314206,-0.81984,-0.325984,-0.46848,-31.2025,-24.38625,38.59625,14.240001,32.376003,9.648001,eccentric,3,3.0,113378.0,305154.0,184188.0,286032.0,200292.0
2026-04-14 17:22:21.630336,246825,1609504835353426,2435322947,-0.735904,-0.466528,-0.265472,-27.553751,-33.39875,38.0275,14.68,32.528,11.360001,eccentric,3,3.0,113378.0,305154.0,184188.0,286032.0,200292.0
2026-04-14 17:22:21.644929,246826,1609504835367922,2435337836,-0.735904,-0.466528,-0.265472,-26.0925,-36.4875,45.5875,14.68,32.528,11.360001,eccentric,3,3.0,113378.0,305154.0,184188.0,286032.0,200292.0
2026-04-14 17:22:21.654911,246827,1609504835376876,2435346491,-0.77104,-0.177632,-0.275232,-23.26625,-35.86625,53.0075,16.04,31.928001,9.312,eccentric,3,3.0,113378.0,305154.0,184188.0,286032.0,200292.0
2026-04-14 17:22:21.670976,246828,1609504835391357,2435361361,-0.77104,-0.177632,-0.275232,-19.3025,-35.9275,52.4125,16.04,31.928001,9.312,eccentric,3,3.0,113378.0,305154.0,184188.0,286032.0,200292.0
2026-04-14 17:22:21.677112,246829,1609504835400308,2435370103,-0.88816,-0.179584,-0.36112,-20.13375,-40.55625,47.92375,15.856001,32.264,9.736,eccentric,3,3.0,113378.0,305154.0,184188.0,286032.0,200292.0
2026-04-14 17:22:21.686409,246830,1609504835409245,2435378790,-0.88816,-0.179584,-0.36112,-20.72875,-47.32,39.76,15.856001,32.264,9.736,eccentric,3,3.0,113378.0,305154.0,184188.0,286032.0,200292.0
2026-04-14 17:22:21.717699,246841,1609504835424093,2435394095,-0.84912,-0.447008,-0.18544,-16.975,-48.9475,40.25,16.608002,31.368002,8.344001,eccentric,3,3.0,112613.0,303169.0,183721.0,284480.0,199459.0
2026-04-14 17:22:21.718390,246842,1609504835433092,2435402841,-0.977952,-0.119072,-0.2928,-24.29,-41.4575,50.365,17.528002,31.696001,7.208,eccentric,3,3.0,112613.0,303169.0,183721.0,284480.0,199459.0
2026-04-14 17:22:21.726807,246843,1609504835447629,2435417727,-0.977952,-0.119072,-0.2928,-29.04125,-32.61125,57.995,17.528002,31.696001,7.208,eccentric,3,3.0,112613.0,303169.0,183721.0,284480.0,199459.0
2026-04-14 17:22:21.733356,246844,1609504835456547,2435426414,-0.93696,-0.187392,-0.269376,-29.00625,-30.73875,54.39,17.936,31.184002,8.84,eccentric,3,3.0,112613.0,303169.0,183721.0,284480.0,199459.0
2026-04-14 17:22:21.748328,246845,1609504835471033,2435441308,-0.93696,-0.187392,-0.269376,-27.25625,-35.04375,47.0575,17.936,31.184002,8.84,eccentric,3,3.0,112613.0,303169.0,183721.0,284480.0,199459.0
2026-04-14 17:22:21.757123,246846,1609504835479970,2435450031,-0.925248,-0.413824,-0.144448,-22.42625,-42.7,42.7175,18.224,31.456001,9.552,eccentric,3,3.0,112613.0,303169.0,183721.0,284480.0,199459.0
2026-04-14 17:22:21.767270,246847,1609504835488904,2435458717,-0.925248,-0.413824,-0.144448,-21.34125,-45.43,47.36375,18.224,31.456001,9.552,eccentric,3,3.0,112613.0,303169.0,183721.0,284480.0,199459.0
2026-04-14 17:22:21.783381,246848,1609504835503415,2435473605,-1.050176,-0.163968,-0.271328,-26.1625,-40.8275,55.3,18.304,31.528002,9.92,eccentric,3,3.0,112613.0,303169.0,183721.0,284480.0,199459.0
2026-04-14 17:22:21.790144,246849,1609504835512356,2435482346,-1.050176,-0.163968,-0.271328,-21.81375,-39.82125,56.74375,18.304,31.528002,9.92,eccentric,3,3.0,112613.0,303169.0,183721.0,284480.0,199459.0
2026-04-14 17:22:21.817962,246860,1609504835527007,2435497320,-1.042368,-0.1952,-0.38064,-19.04,-42.53375,51.00375,18.480001,31.512001,10.392,eccentric,3,3.0,113810.0,299846.0,185790.0,281673.0,201246.0
2026-04-14 17:22:21.819550,246861,1609504835535957,2435506007,-1.013088,-0.247904,-0.349408,-19.5475,-48.65875,47.215,19.216002,31.032001,9.072001,eccentric,3,3.0,113810.0,299846.0,185790.0,281673.0,201246.0
2026-04-14 17:22:21.846203,246862,1609504835544892,2435514680,-1.013088,-0.247904,-0.349408,-16.616251,-53.025,48.48375,19.216002,31.032001,9.072001,eccentric,3,3.0,113810.0,299846.0,185790.0,281673.0,201246.0
2026-04-14 17:22:21.851174,246863,1609504835559461,2435529620,-1.11264,-0.162016,-0.199104,-17.3075,-49.14,52.17625,19.976002,31.080002,9.288,eccentric,3,3.0,113810.0,299846.0,185790.0,281673.0,201246.0
2026-04-14 17:22:21.876192,246864,1609504835568354,2435538291,-1.11264,-0.162016,-0.199104,-26.39,-44.33625,52.29875,19.976002,31.080002,9.288,eccentric,3,3.0,113810.0,299846.0,185790.0,281673.0,201246.0
2026-04-14 17:22:21.878440,246865,1609504835582862,2435553161,-1.13216,-0.10736,-0.40016,-21.16625,-44.05625,46.1125,19.472,31.304,11.608001,eccentric,3,3.0,113810.0,299846.0,185790.0,281673.0,201246.0
2026-04-14 17:22:21.883393,246866,1609504835591794,2435561858,-1.13216,-0.10736,-0.40016,-13.335,-45.19375,38.4475,19.472,31.304,11.608001,eccentric,3,3.0,113810.0,299846.0,185790.0,281673.0,201246.0
2026-04-14 17:22:21.886064,246867,1609504835606287,2435574710,-1.067744,-0.411872,-0.138592,-23.87875,-48.8425,35.805,19.176,31.520002,10.384001,eccentric,3,3.0,113810.0,299846.0,185790.0,281673.0,201246.0
2026-04-14 17:22:21.918494,246878,1609504835615619,2435585562,-1.225856,-0.033184,-0.1952,-23.52875,-43.2075,44.72125,19.552,30.824001,13.512001,eccentric,3,3.0,114094.0,295762.0,186728.0,278678.0,201707.0
2026-04-14 17:22:21.919577,246879,1609504835625103,2435594287,-1.225856,-0.033184,-0.1952,-9.5025,-37.24,50.12875,19.552,30.824001,13.512001,eccentric,3,3.0,114094.0,295762.0,186728.0,278678.0,201707.0
2026-04-14 17:22:21.922089,246880,1609504835639613,2435609256,-1.173152,-0.099552,-0.26352,-19.5475,-38.87625,48.74625,21.256,30.184002,10.768001,eccentric,3,3.0,114094.0,295762.0,186728.0,278678.0,201707.0
2026-04-14 17:22:21.928959,246881,1609504835648583,2435617946,-1.173152,-0.099552,-0.26352,-28.4025,-38.52625,42.16625,21.256,30.184002,10.768001,eccentric,3,3.0,114094.0,295762.0,186728.0,278678.0,201707.0
2026-04-14 17:22:21.942169,246882,1609504835663103,2435632813,-1.182912,-0.28304,-0.281088,-27.79875,-39.9875,38.21125,21.224,29.768002,11.216001,eccentric,3,3.0,114094.0,295762.0,186728.0,278678.0,201707.0
2026-04-14 17:22:21.948302,246883,1609504835672019,2435641624,-1.182912,-0.28304,-0.281088,-20.62375,-41.23,43.995,21.224,29.768002,11.216001,eccentric,3,3.0,114094.0,295762.0,186728.0,278678.0,201707.0
2026-04-14 17:22:21.959790,246884,1609504835680983,2435650315,-1.091168,-0.11712,-0.171776,-13.6325,-39.40125,48.06375,21.056002,29.512001,11.920001,eccentric,3,3.0,114094.0,295762.0,186728.0,278678.0,201707.0
2026-04-14 17:22:21.972282,246885,1609504835695456,2435665220,-1.339072,-0.037088,-0.333792,-10.36875,-37.94875,52.59625,21.68,28.808,9.64,eccentric,3,3.0,114094.0,295762.0,186728.0,278678.0,201707.0
2026-04-14 17:22:21.981114,246886,1609504835704465,2435673898,-1.339072,-0.037088,-0.333792,-15.25125,-39.515,50.6975,21.68,28.808,9.64,eccentric,3,3.0,114094.0,295762.0,186728.0,278678.0,201707.0
2026-04-14 17:22:22.018377,246897,1609504835719043,2435688921,-1.272704,-0.070272,-0.242048,-17.5175,-41.7025,39.10375,20.536001,28.424002,11.992001,eccentric,3,3.0,112874.0,290343.0,185608.0,275570.0,200340.0
2026-04-14 17:22:22.020850,246898,1609504835728047,2435697643,-1.272704,-0.070272,-0.242048,-3.01,-43.91625,35.7175,20.536001,28.424002,11.992001,eccentric,3,3.0,112874.0,290343.0,185608.0,275570.0,200340.0
2026-04-14 17:22:22.023475,246899,1609504835742614,2435712572,-1.175104,-0.162016,-0.171776,-1.155,-48.44875,37.63375,21.232,27.576002,12.336,eccentric,3,3.0,112874.0,290343.0,185608.0,275570.0,200340.0
2026-04-14 17:22:22.030951,246900,1609504835751556,2435721255,-1.175104,-0.162016,-0.171776,-8.33875,-46.1125,38.955,21.232,27.576002,12.336,eccentric,3,3.0,112874.0,290343.0,185608.0,275570.0,200340.0
2026-04-14 17:22:22.037125,246901,1609504835760483,2435729952,-1.159488,-0.142496,-0.189344,-6.51,-41.3875,43.42625,21.432001,27.136002,12.472,eccentric,3,3.0,112874.0,290343.0,185608.0,275570.0,200340.0
2026-04-14 17:22:22.053485,246902,1609504835774978,2435744905,-1.16144,-0.072224,-0.320128,-7.77,-38.80625,49.98,21.344002,26.656002,11.784,eccentric,3,3.0,112874.0,290343.0,185608.0,275570.0,200340.0
2026-04-14 17:22:22.060997,246903,1609504835783930,2435753592,-1.16144,-0.072224,-0.320128,-13.23875,-34.545002,51.388752,21.344002,26.656002,11.784,eccentric,3,3.0,112874.0,290343.0,185608.0,275570.0,200340.0
2026-04-14 17:22:22.076051,246904,1609504835798404,2435768451,-1.233664,0.027328,-0.113216,-12.04875,-32.03375,43.39125,21.336,25.720001,11.696,eccentric,3,3.0,112874.0,290343.0,185608.0,275570.0,200340.0
2026-04-14 17:22:22.084808,246905,1609504835807348,2435777139,-1.233664,0.027328,-0.113216,0.81375,-34.405,41.0025,21.336,25.720001,11.696,eccentric,3,3.0,112874.0,290343.0,185608.0,275570.0,200340.0
2026-04-14 17:22:22.120091,246916,1609504835821995,2435792203,-1.179008,-0.074176,-0.163968,-2.17875,-36.65375,34.81625,19.808,25.656002,12.712001,eccentric,3,3.0,109078.0,285382.0,181410.0,272732.0,195611.0
2026-04-14 17:22:22.122462,246917,1609504835830945,2435800919,-1.179008,-0.074176,-0.163968,-8.225,-37.94,31.71875,19.808,25.656002,12.712001,eccentric,3,3.0,109078.0,285382.0,181410.0,272732.0,195611.0
2026-04-14 17:22:22.125098,246918,1609504835839892,2435809664,-1.25904,-0.119072,-0.257664,-6.5625,-36.93375,33.90625,19.880001,25.216002,12.312,eccentric,3,3.0,109078.0,285382.0,181410.0,272732.0,195611.0
2026-04-14 17:22:22.132009,246919,1609504835854387,2435824578,-1.25904,-0.119072,-0.257664,-6.95625,-34.3175,31.36,19.880001,25.216002,12.312,eccentric,3,3.0,109078.0,285382.0,181410.0,272732.0,195611.0
2026-04-14 17:22:22.141400,246920,1609504835863474,2435833284,-1.20048,-0.105408,-0.290848,-8.28625,-35.76125,29.6975,20.872002,25.432001,11.952001,eccentric,3,3.0,109078.0,285382.0,181410.0,272732.0,195611.0
2026-04-14 17:22:22.175113,246921,1609504835877951,2435848180,-1.128256,0.042944,-0.017568,5.3725,-35.7525,35.11375,22.12,24.904001,10.848001,eccentric,3,3.0,109078.0,285382.0,181410.0,272732.0,195611.0
2026-04-14 17:22:22.177636,246922,1609504835886830,2435856851,-1.128256,0.042944,-0.017568,13.667501,-34.1425,32.62875,22.12,24.904001,10.848001,eccentric,3,3.0,109078.0,285382.0,181410.0,272732.0,195611.0
2026-04-14 17:22:22.180165,246923,1609504835895737,2435865521,-1.194624,-0.001952,-0.113216,6.23,-31.80625,27.08125,21.512001,25.424002,13.080001,eccentric,3,3.0,109078.0,285382.0,181410.0,272732.0,195611.0
