pc_time,serial_num,sensor_ts,host_ts,ax,ay,az,gx,gy,gz,mx,my,mz,phase,rpe,weight_kg,ppg_a,ppg_b,ppg_c,ppg_d,ppg_e
2026-04-14 18:09:59.155497,783973,1609507692758190,5292727864,0.540704,-0.655872,-0.489952,2.135,-15.05875,-4.2,11.392,24.152,-25.016,inter_set_rest,7,3.0,56338.0,256772.0,116812.0,244112.0,127480.0
2026-04-14 18:09:59.255467,783984,1609507692767687,5292737179,0.540704,-0.655872,-0.489952,2.4325,-12.78375,-5.8625,11.392,24.152,-25.016,inter_set_rest,7,3.0,66289.0,257035.0,130843.0,243388.0,142024.0
2026-04-14 18:09:59.259550,783985,1609507692776736,5292745892,0.521184,-0.681248,-0.568032,-2.835,-11.480001,-8.14625,11.352,24.512001,-24.112001,inter_set_rest,7,3.0,66289.0,257035.0,130843.0,243388.0,142024.0
2026-04-14 18:09:59.276301,783986,1609507692791387,5292760764,0.521184,-0.681248,-0.568032,-6.44,-9.05625,-9.73875,11.352,24.512001,-24.112001,inter_set_rest,7,3.0,66289.0,257035.0,130843.0,243388.0,142024.0
2026-04-14 18:09:59.278578,783987,1609507692800360,5292769506,0.589504,-0.70272,-0.435296,-4.03375,-7.0,-10.07125,11.472,24.432001,-25.152,inter_set_rest,7,3.0,66289.0,257035.0,130843.0,243388.0,142024.0
2026-04-14 18:09:59.280163,783988,1609507692814835,5292784389,0.589504,-0.70272,-0.435296,-0.69125,-4.85625,-10.49125,11.472,24.432001,-25.152,inter_set_rest,7,3.0,66289.0,257035.0,130843.0,243388.0,142024.0
2026-04-14 18:09:59.281541,783989,1609507692823827,5292793100,0.488,-0.687104,-0.599264,2.42375,-1.81125,-9.89625,11.232,24.544,-23.592001,inter_set_rest,7,3.0,66289.0,257035.0,130843.0,243388.0,142024.0
2026-04-14 18:09:59.282598,783990,1609507692838268,5292807980,0.491904,-0.687104,-0.632448,3.3425,0.91,-8.95125,11.408001,24.000002,-25.592001,inter_set_rest,7,3.0,66289.0,257035.0,130843.0,243388.0,142024.0
2026-04-14 18:09:59.284036,783991,1609507692847227,5292816670,0.491904,-0.687104,-0.632448,1.44375,4.43625,-7.02625,11.408001,24.000002,-25.592001,inter_set_rest,7,3.0,66289.0,257035.0,130843.0,243388.0,142024.0
2026-04-14 18:09:59.285551,783992,1609507692856158,5292825424,0.491904,-0.687104,-0.413824,-0.56875,7.1925,-6.2125,11.408001,24.000002,-25.592001,inter_set_rest,7,3.0,66289.0,257035.0,130843.0,243388.0,142024.0
2026-04-14 18:09:59.305309,784003,1609507692870734,5292840333,0.513376,-0.610976,-0.407968,-3.3775,8.7325,-5.57375,11.224001,24.36,-24.800001,inter_set_rest,7,3.0,67497.0,252534.0,132251.0,238759.0,143795.0
2026-04-14 18:09:59.307942,784004,1609507692879677,5292849059,0.579744,-0.66368,-0.456768,-8.32125,10.00125,-5.25875,10.624001,24.480001,-24.288002,inter_set_rest,7,3.0,67497.0,252534.0,132251.0,238759.0,143795.0
2026-04-14 18:09:59.310574,784005,1609507692894238,5292864044,0.579744,-0.66368,-0.456768,-14.48125,11.6725,-5.45125,10.624001,24.480001,-24.288002,inter_set_rest,7,3.0,67497.0,252534.0,132251.0,238759.0,143795.0
2026-04-14 18:09:59.312963,784006,1609507692903191,5292872790,0.503616,-0.679296,-0.593408,-19.1975,13.2825,-5.25,10.360001,24.256,-24.480001,inter_set_rest,7,3.0,67497.0,252534.0,132251.0,238759.0,143795.0
2026-04-14 18:09:59.315477,784007,1609507692912139,5292881529,0.503616,-0.679296,-0.593408,-20.125,13.85125,-4.9175,10.360001,24.256,-24.480001,inter_set_rest,7,3.0,67497.0,252534.0,132251.0,238759.0,143795.0
2026-04-14 18:09:59.317966,784008,1609507692926655,5292896495,0.540704,-0.679296,-0.50752,-20.3175,13.79,-4.82125,10.016001,24.296001,-24.496,inter_set_rest,7,3.0,67497.0,252534.0,132251.0,238759.0,143795.0
2026-04-14 18:09:59.320474,784009,1609507692935600,5292905213,0.540704,-0.679296,-0.50752,-20.34375,13.20375,-3.47375,10.016001,24.296001,-24.496,inter_set_rest,7,3.0,67497.0,252534.0,132251.0,238759.0,143795.0
2026-04-14 18:09:59.323673,784010,1609507692950305,5292920178,0.47824,-0.636352,-0.443104,-22.81125,11.0775,-3.22875,9.864,24.160002,-25.792002,inter_set_rest,7,3.0,67497.0,252534.0,132251.0,238759.0,143795.0
2026-04-14 18:09:59.325482,784011,1609507692959410,5292928884,0.59536,-0.710528,-0.450912,-28.35875,9.073751,-3.955,9.92,23.848001,-24.496,inter_set_rest,7,3.0,67497.0,252534.0,132251.0,238759.0,143795.0
2026-04-14 18:09:59.355523,784022,1609507692969084,5292938361,0.59536,-0.710528,-0.450912,-28.411251,8.785,-4.20875,9.92,23.848001,-24.496,inter_set_rest,7,3.0,86773.0,261170.0,157226.0,246312.0,169326.0
2026-04-14 18:09:59.358006,784023,1609507692983687,5292953454,0.573888,-0.640256,-0.542656,-21.210001,9.03875,-4.92625,9.136001,24.592001,-24.256,inter_set_rest,7,3.0,86773.0,261170.0,157226.0,246312.0,169326.0
2026-04-14 18:09:59.360526,784024,1609507692992634,5292962149,0.573888,-0.640256,-0.542656,-12.32875,9.345,-4.62,9.136001,24.592001,-24.256,inter_set_rest,7,3.0,86773.0,261170.0,157226.0,246312.0,169326.0
2026-04-14 18:09:59.377137,784025,1609507693007096,5292977096,0.54656,-0.568032,-0.349408,-9.00375,8.11125,-5.04875,9.152,24.272001,-25.168001,inter_set_rest,7,3.0,86773.0,261170.0,157226.0,246312.0,169326.0
2026-04-14 18:09:59.383032,784026,1609507693016080,5292985811,0.54656,-0.568032,-0.349408,-15.32125,5.4425,-6.5625,9.152,24.272001,-25.168001,inter_set_rest,7,3.0,86773.0,261170.0,157226.0,246312.0,169326.0
2026-04-14 18:09:59.401936,784027,1609507693030589,5293000709,0.577792,-0.646112,-0.489952,-22.11125,2.37125,-6.67625,10.496,23.504002,-26.920002,inter_set_rest,7,3.0,86773.0,261170.0,157226.0,246312.0,169326.0
2026-04-14 18:09:59.408063,784028,1609507693039659,5293009435,0.503616,-0.601216,-0.474336,-23.24875,0.56,-5.7925,10.448001,23.288002,-28.28,inter_set_rest,7,3.0,86773.0,261170.0,157226.0,246312.0,169326.0
2026-04-14 18:09:59.415856,784029,1609507693048651,5293018089,0.503616,-0.601216,-0.474336,-21.74375,-1.6625,-5.43375,10.448001,23.288002,-28.28,inter_set_rest,7,3.0,86773.0,261170.0,157226.0,246312.0,169326.0
2026-04-14 18:09:59.431990,784030,1609507693063225,5293032979,0.550464,-0.648064,-0.525088,-22.33875,-3.7275,-4.33125,10.512,22.872002,-26.896002,inter_set_rest,7,3.0,86773.0,261170.0,157226.0,246312.0,169326.0
2026-04-14 18:09:59.459482,784041,1609507693072256,5293041859,0.550464,-0.648064,-0.525088,-25.31375,-5.53875,-4.095,10.512,22.872002,-26.896002,inter_set_rest,7,3.0,95514.0,263002.0,167569.0,247742.0,179534.0
2026-04-14 18:09:59.462083,784042,1609507693086795,5293056860,0.532896,-0.610976,-0.450912,-25.41,-7.04375,-1.8725,9.624001,23.080002,-25.544,inter_set_rest,7,3.0,95514.0,263002.0,167569.0,247742.0,179534.0
2026-04-14 18:09:59.464645,784043,1609507693095812,5293065600,0.532896,-0.610976,-0.450912,-19.6,-7.34125,0.28,9.624001,23.080002,-25.544,inter_set_rest,7,3.0,95514.0,263002.0,167569.0,247742.0,179534.0
2026-04-14 18:09:59.473430,784044,1609507693104857,5293074310,0.523136,-0.593408,-0.50752,-14.13125,-8.25125,0.11375,9.912001,23.256,-25.744001,inter_set_rest,7,3.0,95514.0,263002.0,167569.0,247742.0,179534.0
2026-04-14 18:09:59.488322,784045,1609507693119347,5293089252,0.636352,-0.616832,-0.4392,-12.74,-9.09125,-1.02375,10.816001,22.888,-24.992,inter_set_rest,7,3.0,95514.0,263002.0,167569.0,247742.0,179534.0
2026-04-14 18:09:59.495729,784046,1609507693128399,5293097974,0.636352,-0.616832,-0.4392,-15.225,-10.5525,-2.19625,10.816001,22.888,-24.992,inter_set_rest,7,3.0,95514.0,263002.0,167569.0,247742.0,179534.0
2026-04-14 18:09:59.510664,784047,1609507693142961,5293112879,0.569984,-0.62464,-0.460672,-17.815,-10.3775,-2.345,11.056001,22.616001,-26.848001,inter_set_rest,7,3.0,95514.0,263002.0,167569.0,247742.0,179534.0
2026-04-14 18:09:59.546028,784048,1609507693152027,5293121559,0.569984,-0.62464,-0.460672,-18.89125,-9.625,-2.96625,11.056001,22.616001,-26.848001,inter_set_rest,7,3.0,95514.0,263002.0,167569.0,247742.0,179534.0
2026-04-14 18:09:59.623058,784059,1609507693166875,5293136491,0.532896,-0.724192,-0.694912,-16.59875,-9.52875,-4.83875,10.704,22.736002,-26.144001,inter_set_rest,7,3.0,89898.0,260322.0,160915.0,245278.0,173063.0
2026-04-14 18:09:59.623231,784060,1609507693175935,5293145188,0.532896,-0.724192,-0.694912,-13.658751,-8.4,-7.67375,10.704,22.736002,-26.144001,inter_set_rest,7,3.0,89898.0,260322.0,160915.0,245278.0,173063.0
2026-04-14 18:09:59.625485,784061,1609507693184883,5293154050,0.55632,-0.710528,-0.544608,-9.37125,-5.64375,-9.6775,10.664001,22.664001,-27.136002,inter_set_rest,7,3.0,89898.0,260322.0,160915.0,245278.0,173063.0
2026-04-14 18:09:59.628503,784062,1609507693199485,5293168957,0.548512,-0.65392,-0.636352,3.14125,-1.575,-9.10875,10.688001,23.184002,-27.152,inter_set_rest,7,3.0,89898.0,260322.0,160915.0,245278.0,173063.0
2026-04-14 18:09:59.630969,784063,1609507693208456,5293177795,0.548512,-0.65392,-0.636352,16.44125,0.8925,-9.59875,10.688001,23.184002,-27.152,inter_set_rest,7,3.0,89898.0,260322.0,160915.0,245278.0,173063.0
2026-04-14 18:09:59.633512,784064,1609507693222976,5293192708,0.655872,-0.610976,-0.450912,24.5175,3.815,-11.4625,10.68,23.064001,-27.128002,inter_set_rest,7,3.0,89898.0,260322.0,160915.0,245278.0,173063.0
2026-04-14 18:09:59.635893,784065,1609507693231903,5293201416,0.655872,-0.610976,-0.450912,26.55625,6.25625,-13.51875,10.68,23.064001,-27.128002,inter_set_rest,7,3.0,89898.0,260322.0,160915.0,245278.0,173063.0
2026-04-14 18:09:59.638528,784066,1609507693240969,5293210163,0.548512,-0.593408,-0.66368,26.55625,8.11125,-13.7025,10.040001,23.208,-26.208002,inter_set_rest,7,3.0,89898.0,260322.0,160915.0,245278.0,173063.0
2026-04-14 18:09:59.640523,784067,1609507693255594,5293225173,0.548512,-0.593408,-0.66368,29.2425,9.695,-15.12875,10.040001,23.208,-26.208002,inter_set_rest,7,3.0,89898.0,260322.0,160915.0,245278.0,173063.0
2026-04-14 18:09:59.643084,784068,1609507693264580,5293233865,0.540704,-0.521184,-0.523136,32.10375,11.2,-15.846251,9.816001,24.000002,-25.176,inter_set_rest,7,3.0,89898.0,260322.0,160915.0,245278.0,173063.0
2026-04-14 18:09:59.670546,784079,1609507693279195,5293248880,0.540704,-0.474336,-0.499712,33.97625,12.52125,-13.965,9.816001,24.000002,-25.176,inter_set_rest,7,3.0,85978.0,256078.0,156093.0,241463.0,167609.0
2026-04-14 18:09:59.673324,784080,1609507693288236,5293257645,0.599264,-0.47824,-0.499712,36.53125,13.27375,-10.63125,8.92,24.248001,-25.032001,inter_set_rest,7,3.0,85978.0,256078.0,156093.0,241463.0,167609.0
2026-04-14 18:09:59.675754,784081,1609507693297165,5293266333,0.599264,-0.47824,-0.499712,39.7075,14.18375,-6.74625,8.92,24.248001,-25.032001,inter_set_rest,7,3.0,85978.0,256078.0,156093.0,241463.0,167609.0
2026-04-14 18:09:59.680797,784082,1609507693311772,5293281229,0.540704,-0.480192,-0.515328,40.9325,14.6475,-2.03,8.968,24.432001,-24.840002,inter_set_rest,7,3.0,85978.0,256078.0,156093.0,241463.0,167609.0
2026-04-14 18:09:59.688272,784083,1609507693320881,5293289970,0.470432,-0.665632,-0.452864,35.6125,13.02,-0.4375,9.104,24.656002,-24.832,inter_set_rest,7,3.0,85978.0,256078.0,156093.0,241463.0,167609.0
2026-04-14 18:09:59.706551,784084,1609507693335381,5293304917,0.470432,-0.665632,-0.452864,25.68125,7.90125,-0.945,9.104,24.656002,-24.832,inter_set_rest,7,3.0,85978.0,256078.0,156093.0,241463.0,167609.0
2026-04-14 18:09:59.711975,784085,1609507693344303,5293313636,0.5368,-0.739808,-0.325984,13.440001,1.60125,-1.8375,10.264001,24.608002,-24.256,inter_set_rest,7,3.0,85978.0,256078.0,156093.0,241463.0,167609.0
2026-04-14 18:09:59.726793,784086,1609507693358815,5293328576,0.5368,-0.739808,-0.325984,8.89,-3.185,2.66875,10.264001,24.608002,-24.256,inter_set_rest,7,3.0,85978.0,256078.0,156093.0,241463.0,167609.0
2026-04-14 18:09:59.759417,784097,1609507693367956,5293337288,0.558272,-0.548512,-0.366976,21.42,-5.46875,11.4275,9.480001,24.872002,-25.104002,inter_set_rest,7,3.0,64793.0,246925.0,128397.0,233071.0,139062.0
2026-04-14 18:09:59.761731,784098,1609507693376934,5293346026,0.558272,-0.548512,-0.366976,30.5725,-9.12625,17.00125,9.480001,24.872002,-25.104002,inter_set_rest,7,3.0,64793.0,246925.0,128397.0,233071.0,139062.0
2026-04-14 18:09:59.789543,784099,1609507693391561,5293360991,0.552416,-0.489952,-0.431392,24.96375,-11.99625,19.18,10.528001,24.624,-25.216002,inter_set_rest,7,3.0,64793.0,246925.0,128397.0,233071.0,139062.0
2026-04-14 18:09:59.793726,784100,1609507693400585,5293369722,0.495808,-0.552416,-0.501664,17.5175,-12.69625,18.54125,10.528001,24.832,-23.984001,inter_set_rest,7,3.0,64793.0,246925.0,128397.0,233071.0,139062.0
2026-04-14 18:09:59.794308,784101,1609507693415128,5293384713,0.495808,-0.552416,-0.501664,11.50625,-15.91625,18.13875,10.784,24.832,-23.984001,inter_set_rest,7,3.0,64793.0,246925.0,128397.0,233071.0,139062.0
2026-04-14 18:09:59.796694,784102,1609507693424085,5293393417,0.501664,-0.583648,-0.384544,0.27125,-20.01125,21.81375,11.160001,24.384,-24.896002,inter_set_rest,7,3.0,64793.0,246925.0,128397.0,233071.0,139062.0
2026-04-14 18:09:59.802316,784103,1609507693433197,5293402159,0.501664,-0.583648,-0.384544,-16.07375,-23.8525,21.866251,11.160001,24.384,-24.896002,inter_set_rest,7,3.0,64793.0,246925.0,128397.0,233071.0,139062.0
2026-04-14 18:09:59.817966,784104,1609507693447695,5293417099,0.55632,-0.691008,-0.376736,-28.35,-27.615,18.31375,11.576,24.712002,-25.648,inter_set_rest,7,3.0,64793.0,246925.0,128397.0,233071.0,139062.0
2026-04-14 18:09:59.824334,784105,1609507693456606,5293425807,0.55632,-0.691008,-0.376736,-33.25875,-29.84625,17.50875,11.576,24.712002,-25.648,inter_set_rest,7,3.0,64793.0,246925.0,128397.0,233071.0,139062.0
2026-04-14 18:09:59.860508,784116,1609507693471820,5293440974,0.558272,-0.601216,-0.355264,-32.55875,-30.616251,18.4275,11.88,24.384,-25.432001,inter_set_rest,7,3.0,63890.0,249535.0,126607.0,234343.0,137699.0
2026-04-14 18:09:59.863070,784117,1609507693480832,5293449795,0.52704,-0.636352,-0.530944,-30.17,-30.89625,17.82375,11.88,24.384,-26.496002,inter_set_rest,7,3.0,63890.0,249535.0,126607.0,234343.0,137699.0
2026-04-14 18:09:59.865387,784118,1609507693489839,5293458513,0.52704,-0.636352,-0.530944,-30.47625,-29.98625,16.16125,11.872001,23.784,-26.496002,inter_set_rest,7,3.0,63890.0,249535.0,126607.0,234343.0,137699.0
2026-04-14 18:09:59.870432,784119,1609507693504844,5293473515,0.488,-0.691008,-0.568032,-29.61,-27.7375,14.2975,12.6,23.6,-25.480001,inter_set_rest,7,3.0,63890.0,249535.0,126607.0,234343.0,137699.0
2026-04-14 18:09:59.884763,784120,1609507693514104,5293484264,0.488,-0.691008,-0.568032,-22.86375,-26.06625,13.58,12.6,23.6,-25.480001,inter_set_rest,7,3.0,63890.0,249535.0,126607.0,234343.0,137699.0
2026-04-14 18:09:59.910652,784121,1609507693528604,5293497235,0.470432,-0.607072,-0.5368,-14.56,-23.7125,13.7725,12.088,23.976002,-23.76,inter_set_rest,7,3.0,63890.0,249535.0,126607.0,234343.0,137699.0
2026-04-14 18:09:59.935409,784122,1609507693537862,5293508070,0.470432,-0.607072,-0.5368,-8.21625,-22.5925,14.72625,12.088,23.976002,-23.76,inter_set_rest,7,3.0,63890.0,249535.0,126607.0,234343.0,137699.0
2026-04-14 18:09:59.960541,784123,1609507693546783,5293516749,0.4392,-0.5856,-0.64416,-11.2525,-21.4725,14.20125,13.328001,23.136002,-25.560001,inter_set_rest,7,3.0,63890.0,249535.0,126607.0,234343.0,137699.0
2026-04-14 18:09:59.963583,784124,1609507693561395,5293531632,0.532896,-0.675392,-0.423584,-15.96,-20.18625,13.85125,13.328001,23.136002,-25.336,inter_set_rest,7,3.0,63890.0,249535.0,126607.0,234343.0,137699.0
2026-04-14 18:09:59.990872,784135,1609507693570846,5293540377,0.542656,-0.675392,-0.423584,-19.8275,-18.34875,12.39,13.456,23.032001,-25.336,inter_set_rest,7,3.0,76503.0,255692.0,142613.0,239412.0,154015.0
2026-04-14 18:09:59.993973,784136,1609507693585413,5293555315,0.417728,-0.708576,-0.671488,-19.83625,-16.9575,11.94375,13.72,22.960001,-25.656002,inter_set_rest,7,3.0,76503.0,255692.0,142613.0,239412.0,154015.0
2026-04-14 18:09:59.995601,784137,1609507693594403,5293564016,0.417728,-0.708576,-0.671488,-13.41375,-15.72375,12.2675,13.72,22.960001,-25.656002,inter_set_rest,7,3.0,76503.0,255692.0,142613.0,239412.0,154015.0
2026-04-14 18:09:59.999309,784138,1609507693603691,5293572750,0.476288,-0.714432,-0.642208,-1.9775,-14.1575,13.02,13.648001,23.272001,-25.640001,inter_set_rest,7,3.0,76503.0,255692.0,142613.0,239412.0,154015.0
2026-04-14 18:10:00.001589,784139,1609507693618289,5293587667,0.476288,-0.714432,-0.642208,8.5925,-12.48625,13.16,13.648001,23.272001,-25.640001,inter_set_rest,7,3.0,76503.0,255692.0,142613.0,239412.0,154015.0
2026-04-14 18:10:00.004286,784140,1609507693627206,5293596352,0.509472,-0.716384,-0.573888,13.3,-11.2,13.72,14.088,23.224,-24.384,inter_set_rest,7,3.0,76503.0,255692.0,142613.0,239412.0,154015.0
2026-04-14 18:10:00.011698,784141,1609507693641754,5293611403,0.493856,-0.718336,-0.651968,17.73625,-10.43,14.41125,14.088,23.224,-24.384,inter_set_rest,7,3.0,76503.0,255692.0,142613.0,239412.0,154015.0
2026-04-14 18:10:00.018138,784142,1609507693650688,5293620143,0.493856,-0.718336,-0.651968,22.855,-9.02125,14.83125,13.72,23.328001,-24.12,inter_set_rest,7,3.0,76503.0,255692.0,142613.0,239412.0,154015.0
2026-04-14 18:10:00.027380,784143,1609507693659748,5293628833,0.493856,-0.718336,-0.651968,25.8125,-8.74125,14.0,13.72,23.328001,-24.12,inter_set_rest,7,3.0,76503.0,255692.0,142613.0,239412.0,154015.0
2026-04-14 18:10:00.063220,784154,1609507693674453,5293644214,0.474336,-0.724192,-0.659776,25.0775,-8.5575,13.34375,14.152,23.064001,-22.944,inter_set_rest,7,3.0,79524.0,253193.0,146919.0,237481.0,158499.0
2026-04-14 18:10:00.065857,784155,1609507693683518,5293653089,0.474336,-0.745664,-0.657824,25.0075,-8.645,13.448751,13.472001,23.864,-26.816002,inter_set_rest,7,3.0,79524.0,253193.0,146919.0,237481.0,158499.0
2026-04-14 18:10:00.068351,784156,1609507693698033,5293668049,0.474336,-0.745664,-0.657824,26.34625,-8.925,12.2675,13.472001,23.864,-26.816002,inter_set_rest,7,3.0,79524.0,253193.0,146919.0,237481.0,158499.0
2026-04-14 18:10:00.077676,784157,1609507693707025,5293676776,0.52704,-0.765184,-0.691008,26.27625,-8.67125,10.63125,13.424001,24.136002,-23.656002,inter_set_rest,7,3.0,79524.0,253193.0,146919.0,237481.0,158499.0
2026-04-14 18:10:00.086762,784158,1609507693715965,5293685535,0.52704,-0.765184,-0.691008,28.4025,-8.785,10.43,13.424001,24.136002,-23.656002,inter_set_rest,7,3.0,79524.0,253193.0,146919.0,237481.0,158499.0
2026-04-14 18:10:00.099306,784159,1609507693730483,5293700526,0.691008,-0.79056,-0.542656,24.01,-10.115,7.2275,14.880001,24.2,-23.384,inter_set_rest,7,3.0,79524.0,253193.0,146919.0,237481.0,158499.0
2026-04-14 18:10:00.108103,784160,1609507693739487,5293709238,0.691008,-0.79056,-0.542656,13.69375,-11.725,3.4125,14.880001,24.2,-23.384,inter_set_rest,7,3.0,79524.0,253193.0,146919.0,237481.0,158499.0
2026-04-14 18:10:00.121971,784161,1609507693754019,5293724122,0.769088,-0.901824,-0.532896,-0.04375,-12.94125,-1.8725,13.928,24.128,-23.424002,inter_set_rest,7,3.0,79524.0,253193.0,146919.0,237481.0,158499.0
2026-04-14 18:10:00.132061,784162,1609507693763200,5293732837,0.710528,-0.84912,-0.696864,-12.81,-13.46625,-8.9425,14.952001,23.696001,-24.608002,inter_set_rest,7,3.0,79524.0,253193.0,146919.0,237481.0,158499.0
2026-04-14 18:10:00.161840,784173,1609507693777794,5293747823,0.710528,-0.84912,-0.696864,-17.6575,-13.15125,-15.25125,14.952001,23.696001,-24.608002,inter_set_rest,7,3.0,83396.0,254906.0,151929.0,239489.0,163749.0
2026-04-14 18:10:00.164314,784174,1609507693786798,5293756646,0.538752,-0.808128,-0.76128,-22.3125,-12.1625,-22.12875,14.464001,23.448002,-24.368002,inter_set_rest,7,3.0,83396.0,254906.0,151929.0,239489.0,163749.0
2026-04-14 18:10:00.166783,784175,1609507693795767,5293765360,0.538752,-0.808128,-0.76128,-29.435,-11.06875,-28.77875,14.464001,23.448002,-24.368002,inter_set_rest,7,3.0,83396.0,254906.0,151929.0,239489.0,163749.0
2026-04-14 18:10:00.179402,784176,1609507693810330,5293780282,0.443104,-0.77104,-0.5856,-34.74625,-9.77375,-33.3725,13.968,23.576,-24.288002,inter_set_rest,7,3.0,83396.0,254906.0,151929.0,239489.0,163749.0
2026-04-14 18:10:00.186663,784177,1609507693819291,5293789023,0.443104,-0.77104,-0.5856,-35.07875,-7.84,-35.42875,13.968,23.576,-24.288002,inter_set_rest,7,3.0,83396.0,254906.0,151929.0,239489.0,163749.0
2026-04-14 18:10:00.204466,784178,1609507693833815,5293804054,0.472384,-0.759328,-0.52704,-32.2,-5.88,-37.275,13.976001,23.408,-24.744001,inter_set_rest,7,3.0,83396.0,254906.0,151929.0,239489.0,163749.0
2026-04-14 18:10:00.210859,784179,1609507693842744,5293812743,0.472384,-0.759328,-0.642208,-29.67125,-2.98375,-37.24875,13.976001,23.408,-24.744001,inter_set_rest,7,3.0,83396.0,254906.0,151929.0,239489.0,163749.0
2026-04-14 18:10:00.220847,784180,1609507693851723,5293821430,0.415776,-0.720288,-0.642208,-25.34,0.39375,-36.5225,12.8,23.76,-23.576,inter_set_rest,7,3.0,83396.0,254906.0,151929.0,239489.0,163749.0
2026-04-14 18:10:00.235838,784181,1609507693866251,5293836368,0.394304,-0.70272,-0.632448,-22.4875,4.7075,-37.10875,13.184001,23.152,-25.104002,inter_set_rest,7,3.0,83396.0,254906.0,151929.0,239489.0,163749.0
2026-04-14 18:10:00.308161,784192,1609507693875486,5293845197,0.394304,-0.70272,-0.632448,-18.41,8.12875,-37.7825,13.184001,23.152,-25.104002,inter_set_rest,7,3.0,84018.0,256745.0,153229.0,241467.0,165018.0
2026-04-14 18:10:00.310927,784193,1609507693890006,5293860170,0.648064,-0.806176,-0.64416,-15.72375,12.43375,-37.77375,13.072001,23.328001,-25.088001,inter_set_rest,7,3.0,84018.0,256745.0,153229.0,241467.0,165018.0
2026-04-14 18:10:00.313345,784194,1609507693898976,5293868849,0.648064,-0.806176,-0.64416,-14.315001,18.17375,-38.885,13.072001,23.328001,-25.088001,inter_set_rest,7,3.0,84018.0,256745.0,153229.0,241467.0,165018.0
2026-04-14 18:10:00.315845,784195,1609507693913554,5293883713,0.675392,-0.747616,-0.845216,-11.57625,25.54125,-41.3525,12.448001,23.448002,-25.032001,inter_set_rest,7,3.0,84018.0,256745.0,153229.0,241467.0,165018.0
2026-04-14 18:10:00.318658,784196,1609507693922461,5293892378,0.675392,-0.747616,-0.845216,-6.67625,35.25375,-44.89625,12.448001,23.448002,-25.032001,inter_set_rest,7,3.0,84018.0,256745.0,153229.0,241467.0,165018.0
2026-04-14 18:10:00.321143,784197,1609507693931402,5293901092,0.81008,-0.689056,-0.671488,-4.38375,44.4325,-48.8425,11.976001,23.496,-26.944002,inter_set_rest,7,3.0,84018.0,256745.0,153229.0,241467.0,165018.0
2026-04-14 18:10:00.323754,784198,1609507693946001,5293915997,0.80032,-0.755424,-0.81008,-12.94125,50.82,-53.7075,10.896001,23.496,-25.912,inter_set_rest,7,3.0,84018.0,256745.0,153229.0,241467.0,165018.0
2026-04-14 18:10:00.325544,784199,1609507693955015,5293924722,0.80032,-0.755424,-0.81008,-24.2375,57.225,-55.16875,10.896001,23.496,-25.912,inter_set_rest,7,3.0,84018.0,256745.0,153229.0,241467.0,165018.0
2026-04-14 18:10:00.365515,784210,1609507693969627,5293939621,0.776896,-0.735904,-0.81008,-33.04875,64.46125,-54.60875,10.064,23.888,-26.192001,inter_set_rest,7,3.0,104533.0,263885.0,178509.0,247377.0,191215.0
2026-04-14 18:10:00.368257,784211,1609507693978544,5293948342,0.776896,-0.735904,-0.81008,-35.79625,69.475,-57.4525,10.064,23.888,-26.192001,inter_set_rest,7,3.0,104533.0,263885.0,178509.0,247377.0,191215.0
2026-04-14 18:10:00.370801,784212,1609507693987514,5293957069,0.765184,-0.61488,-0.495808,-37.205,73.6575,-60.47125,9.120001,23.592001,-26.776001,inter_set_rest,7,3.0,104533.0,263885.0,178509.0,247377.0,191215.0
2026-04-14 18:10:00.373170,784213,1609507694002234,5293971989,0.765184,-0.61488,-0.495808,-36.715,77.72625,-60.9175,9.120001,23.592001,-26.776001,inter_set_rest,7,3.0,104533.0,263885.0,178509.0,247377.0,191215.0
2026-04-14 18:10:00.379536,784214,1609507694011213,5293980754,0.665632,-0.57584,-0.628544,-44.9575,82.145,-61.6,7.328001,23.304,-27.000002,inter_set_rest,7,3.0,104533.0,263885.0,178509.0,247377.0,191215.0
2026-04-14 18:10:00.394504,784215,1609507694025704,5293995651,0.675392,-0.583648,-0.601216,-42.63,85.365,-64.5925,6.712,23.512001,-29.112001,inter_set_rest,7,3.0,104533.0,263885.0,178509.0,247377.0,191215.0
2026-04-14 18:10:00.404171,784216,1609507694034644,5294004332,0.675392,-0.583648,-0.601216,-37.345,87.8675,-68.11,6.712,23.512001,-29.112001,inter_set_rest,7,3.0,104533.0,263885.0,178509.0,247377.0,191215.0
2026-04-14 18:10:00.430636,784217,1609507694049132,5294019259,0.720288,-0.558272,-0.433344,-29.3125,85.75,-64.7325,4.816001,23.536001,-27.656002,inter_set_rest,7,3.0,104533.0,263885.0,178509.0,247377.0,191215.0
2026-04-14 18:10:00.433028,784218,1609507694058057,5294027963,0.720288,-0.558272,-0.433344,-24.92,79.35375,-63.55125,4.816001,23.536001,-27.656002,inter_set_rest,7,3.0,104533.0,263885.0,178509.0,247377.0,191215.0
2026-04-14 18:10:00.435528,784219,1609507694066954,5294036646,0.708576,-0.421632,-0.271328,-30.09125,70.20125,-65.73,3.8,23.976002,-27.232,inter_set_rest,7,3.0,104533.0,263885.0,178509.0,247377.0,191215.0
2026-04-14 18:10:00.465524,784230,1609507694081637,5294051635,0.708576,-0.421632,-0.271328,-21.8925,66.15,-68.78375,3.8,23.976002,-27.232,inter_set_rest,7,3.0,155174.0,286159.0,240036.0,269079.0,248881.0
2026-04-14 18:10:00.468177,784231,1609507694090622,5294060411,0.589504,-0.45872,-0.519232,-13.685,63.603752,-77.621254,2.64,23.240002,-27.008001,inter_set_rest,7,3.0,155174.0,286159.0,240036.0,269079.0,248881.0
2026-04-14 18:10:00.473556,784232,1609507694105183,5294075318,0.482144,-0.343552,-0.347456,0.39375,60.2175,-83.65875,1.568,23.928001,-26.6,inter_set_rest,7,3.0,155174.0,286159.0,240036.0,269079.0,248881.0
2026-04-14 18:10:00.483242,784233,1609507694114385,5294084005,0.482144,-0.343552,-0.347456,17.50875,57.28625,-85.56625,1.568,23.928001,-26.6,inter_set_rest,7,3.0,155174.0,286159.0,240036.0,269079.0,248881.0
2026-04-14 18:10:00.499864,784234,1609507694128858,5294098879,0.45872,-0.345504,-0.46848,31.01,51.73875,-90.18625,0.896,24.312,-26.304,inter_set_rest,7,3.0,155174.0,286159.0,240036.0,269079.0,248881.0
2026-04-14 18:10:00.505919,784235,1609507694137779,5294107582,0.45872,-0.345504,-0.46848,40.25875,47.705,-92.5575,0.896,24.312,-26.304,inter_set_rest,7,3.0,155174.0,286159.0,240036.0,269079.0,248881.0
2026-04-14 18:10:00.514880,784236,1609507694146716,5294116267,0.44896,-0.324032,-0.51728,43.14625,41.0025,-90.44875,-1.528,25.256,-27.808,inter_set_rest,7,3.0,155174.0,286159.0,240036.0,269079.0,248881.0
2026-04-14 18:10:00.529766,784237,1609507694161210,5294131151,0.44896,-0.324032,-0.51728,44.5725,34.88625,-88.13875,-1.528,25.256,-27.808,inter_set_rest,7,3.0,155174.0,286159.0,240036.0,269079.0,248881.0
2026-04-14 18:10:00.538322,784238,1609507694170136,5294139874,0.42944,-0.173728,-0.398208,40.73125,34.36125,-81.48,-0.2,24.744001,-27.056002,inter_set_rest,7,3.0,155174.0,286159.0,240036.0,269079.0,248881.0
2026-04-14 18:10:00.568510,784249,1609507694184781,5294154870,0.42944,-0.173728,-0.398208,28.7525,37.8175,-72.9225,-0.2,24.744001,-27.056002,inter_set_rest,7,3.0,152713.0,305152.0,236476.0,287313.0,247212.0
2026-04-14 18:10:00.573617,784250,1609507694193982,5294163607,0.589504,-0.304512,-0.119072,0.51625,36.68875,-72.00375,-1.84,24.880001,-25.864,inter_set_rest,7,3.0,152713.0,305152.0,236476.0,287313.0,247212.0
2026-04-14 18:10:00.575684,784251,1609507694203035,5294172307,0.589504,-0.304512,-0.119072,-20.53625,36.68875,-70.7525,-1.84,24.880001,-25.864,inter_set_rest,7,3.0,152713.0,305152.0,236476.0,287313.0,247212.0
2026-04-14 18:10:00.584707,784252,1609507694217576,5294187222,0.5368,-0.269376,-0.325984,-19.43375,44.93125,-64.2425,-2.912,24.920002,-25.712002,inter_set_rest,7,3.0,152713.0,305152.0,236476.0,287313.0,247212.0
2026-04-14 18:10:00.594655,784253,1609507694226537,5294195936,0.622688,-0.376736,-0.335744,-14.7875,53.9525,-57.715,-2.928,24.256,-26.744001,inter_set_rest,7,3.0,152713.0,305152.0,236476.0,287313.0,247212.0
2026-04-14 18:10:00.609719,784254,1609507694241052,5294210831,0.622688,-0.376736,-0.335744,-20.772501,57.951252,-53.26125,-2.928,24.256,-26.744001,inter_set_rest,7,3.0,152713.0,305152.0,236476.0,287313.0,247212.0
2026-04-14 18:10:00.619935,784255,1609507694249988,5294219517,0.69296,-0.476288,-0.3416,-27.8775,55.44875,-47.775,-4.2,24.008001,-27.056002,inter_set_rest,7,3.0,152713.0,305152.0,236476.0,287313.0,247212.0
2026-04-14 18:10:00.649744,784256,1609507694264521,5294234453,0.69296,-0.476288,-0.3416,-26.60875,49.55125,-39.62875,-4.2,24.008001,-27.056002,inter_set_rest,7,3.0,152713.0,305152.0,236476.0,287313.0,247212.0
2026-04-14 18:10:00.707287,784267,1609507694274006,5294243468,0.704672,-0.472384,-0.394304,-23.75625,37.7125,-35.1925,-3.904,23.928001,-28.712002,inter_set_rest,7,3.0,157810.0,318155.0,241103.0,299712.0,251523.0
2026-04-14 18:10:00.709401,784268,1609507694283289,5294252236,0.704672,-0.472384,-0.394304,-9.54625,28.30625,-34.08125,-3.904,23.928001,-28.712002,inter_set_rest,7,3.0,157810.0,318155.0,241103.0,299712.0,251523.0
2026-04-14 18:10:00.711870,784269,1609507694297806,5294267112,0.681248,0.015616,-0.154208,14.761251,27.50125,-32.45375,-5.272,24.68,-25.52,inter_set_rest,7,3.0,157810.0,318155.0,241103.0,299712.0,251523.0
2026-04-14 18:10:00.714929,784270,1609507694306706,5294275859,0.841312,-0.187392,-0.3904,19.1975,28.51625,-35.06125,-5.496,24.712002,-24.968,inter_set_rest,7,3.0,157810.0,318155.0,241103.0,299712.0,251523.0
2026-04-14 18:10:00.717104,784271,1609507694321218,5294290791,0.841312,-0.187392,-0.3904,-0.23625,26.59125,-36.67125,-5.496,24.712002,-24.968,inter_set_rest,7,3.0,157810.0,318155.0,241103.0,299712.0,251523.0
2026-04-14 18:10:00.719935,784272,1609507694330173,5294299522,0.8784,-0.433344,-0.271328,-27.755001,15.82,-34.4925,-6.808,24.344002,-24.880001,inter_set_rest,7,3.0,157810.0,318155.0,241103.0,299712.0,251523.0
2026-04-14 18:10:00.722176,784273,1609507694339257,5294308223,0.8784,-0.433344,-0.271328,-28.411251,6.76375,-24.9025,-6.808,24.344002,-24.880001,inter_set_rest,7,3.0,157810.0,318155.0,241103.0,299712.0,251523.0
2026-04-14 18:10:00.724482,784274,1609507694353803,5294323209,0.802272,-0.208864,-0.247904,-8.8375,6.44,-19.678751,-6.736001,24.168001,-24.28,inter_set_rest,7,3.0,157810.0,318155.0,241103.0,299712.0,251523.0
2026-04-14 18:10:00.729375,784275,1609507694362818,5294331946,0.802272,-0.208864,-0.247904,0.35875,7.56,-17.68375,-6.736001,24.168001,-24.28,inter_set_rest,7,3.0,157810.0,318155.0,241103.0,299712.0,251523.0
2026-04-14 18:10:00.768032,784286,1609507694377669,5294346889,0.815936,-0.300608,-0.216672,-6.1425,5.57375,-18.83,-5.168,23.384,-27.024002,inter_set_rest,7,3.0,167522.0,318010.0,252989.0,299815.0,262090.0
2026-04-14 18:10:00.773136,784287,1609507694386693,5294355723,0.866688,-0.21472,-0.298656,-14.35875,-0.665,-17.7975,-5.168,23.384,-25.696001,inter_set_rest,7,3.0,167522.0,318010.0,252989.0,299815.0,262090.0
2026-04-14 18:10:00.775799,784288,1609507694395631,5294364485,0.866688,-0.21472,-0.298656,-6.08125,-4.5325,-14.21875,-5.648,23.736002,-25.696001,inter_set_rest,7,3.0,167522.0,318010.0,252989.0,299815.0,262090.0
2026-04-14 18:10:00.778048,784289,1609507694410134,5294379389,0.81008,-0.144448,-0.130784,-2.1525,-5.64375,-12.48625,-5.176,24.024002,-26.160002,inter_set_rest,7,3.0,167522.0,318010.0,252989.0,299815.0,262090.0
2026-04-14 18:10:00.787283,784290,1609507694419057,5294388209,0.81008,-0.144448,-0.130784,-5.62625,-4.375,-10.50875,-5.176,24.024002,-26.160002,inter_set_rest,7,3.0,167522.0,318010.0,252989.0,299815.0,262090.0
2026-04-14 18:10:00.804927,784291,1609507694433558,5294403168,0.794464,-0.41968,-0.396256,-12.6175,-4.17375,-8.56625,-6.152,23.672,-27.488,inter_set_rest,7,3.0,167522.0,318010.0,252989.0,299815.0,262090.0
2026-04-14 18:10:00.811131,784292,1609507694442540,5294412064,0.794464,-0.41968,-0.396256,-20.76375,-8.645,-5.1975,-6.152,23.672,-27.488,inter_set_rest,7,3.0,167522.0,318010.0,252989.0,299815.0,262090.0
2026-04-14 18:10:00.824608,784293,1609507694457091,5294426966,0.911584,-0.18544,-0.169824,-14.27125,-11.5325,-2.09125,-5.784,23.336,-27.368002,inter_set_rest,7,3.0,167522.0,318010.0,252989.0,299815.0,262090.0
2026-04-14 18:10:00.834955,784294,1609507694466014,5294435660,0.911584,-0.18544,-0.169824,-2.51125,-8.6625,-4.5325,-5.784,23.336,-27.368002,inter_set_rest,7,3.0,167522.0,318010.0,252989.0,299815.0,262090.0
2026-04-14 18:10:00.867895,784305,1609507694475532,5294444688,0.831552,-0.050752,-0.261568,-2.05625,-4.27875,-7.72625,-5.520001,23.264002,-25.12,inter_set_rest,7,3.0,174436.0,313830.0,261330.0,295820.0,268425.0
2026-04-14 18:10:00.871113,784306,1609507694490101,5294459617,0.788608,-0.343552,-0.398208,-10.5175,-1.30375,-8.636251,-5.904,23.352001,-25.888,inter_set_rest,7,3.0,174436.0,313830.0,261330.0,295820.0,268425.0
2026-04-14 18:10:00.873715,784307,1609507694499113,5294468323,0.788608,-0.343552,-0.398208,-19.7225,-1.37375,-7.7175,-5.904,23.352001,-25.888,inter_set_rest,7,3.0,174436.0,313830.0,261330.0,295820.0,268425.0
2026-04-14 18:10:00.881094,784308,1609507694513629,5294483319,0.792512,-0.398208,-0.37088,-22.33875,-5.88875,-5.38125,-6.704001,24.072,-25.568,inter_set_rest,7,3.0,174436.0,313830.0,261330.0,295820.0,268425.0
2026-04-14 18:10:00.889840,784309,1609507694522760,5294492010,0.792512,-0.398208,-0.37088,-7.67375,-9.511251,-2.09125,-6.704001,24.072,-25.568,inter_set_rest,7,3.0,174436.0,313830.0,261330.0,295820.0,268425.0
2026-04-14 18:10:00.899541,784310,1609507694531797,5294500683,0.911584,-0.11712,-0.232288,15.82,-6.58875,0.49,-6.184001,23.624,-27.296001,inter_set_rest,7,3.0,174436.0,313830.0,261330.0,295820.0,268425.0
2026-04-14 18:10:00.914946,784311,1609507694546327,5294515551,0.911584,-0.11712,-0.232288,17.0975,-2.9575,0.2625,-6.184001,23.624,-27.296001,inter_set_rest,7,3.0,174436.0,313830.0,261330.0,295820.0,268425.0
2026-04-14 18:10:00.922298,784312,1609507694555269,5294524275,0.874496,-0.300608,-0.476288,2.44125,-2.2925,0.37625,-5.088,23.272001,-29.664001,inter_set_rest,7,3.0,174436.0,313830.0,261330.0,295820.0,268425.0
2026-04-14 18:10:00.937468,784313,1609507694569807,5294539210,0.903776,-0.320128,-0.363072,-7.14,-3.7975,0.6825,-5.096,23.376001,-27.448002,inter_set_rest,7,3.0,174436.0,313830.0,261330.0,295820.0,268425.0
2026-04-14 18:10:00.970888,784325,1609507694578897,5294547919,0.903776,-0.320128,-0.363072,-3.56125,-5.6875,1.05875,-5.096,23.376001,-27.448002,inter_set_rest,7,3.0,174670.0,311940.0,261544.0,293964.0,268433.0
2026-04-14 18:10:00.973603,784326,1609507694587886,5294556823,0.872544,-0.130784,-0.386496,12.285,-2.2925,-0.1225,-5.096,23.376001,-27.448002,inter_set_rest,7,3.0,174670.0,311940.0,261544.0,293964.0,268433.0
2026-04-14 18:10:00.976033,784327,1609507694602444,5294571815,0.85888,-0.130784,-0.386496,14.49,2.24875,-3.675,-5.92,23.784,-27.288002,inter_set_rest,7,3.0,174670.0,311940.0,261544.0,293964.0,268433.0
2026-04-14 18:10:00.979263,784328,1609507694611369,5294580494,0.88816,-0.25376,-0.366976,3.3775,4.94375,-5.11875,-6.12,23.792002,-26.264002,inter_set_rest,7,3.0,174670.0,311940.0,261544.0,293964.0,268433.0
2026-04-14 18:10:01.016146,784329,1609507694626021,5294595482,0.88816,-0.25376,-0.366976,-6.37,4.3225,-6.335,-6.12,23.792002,-26.264002,inter_set_rest,7,3.0,174670.0,311940.0,261544.0,293964.0,268433.0
2026-04-14 18:10:01.018403,784330,1609507694635116,5294604187,0.921344,-0.353312,-0.230336,-8.7675,2.835,-6.50125,-5.936,23.488,-27.240002,inter_set_rest,7,3.0,174670.0,311940.0,261544.0,293964.0,268433.0
2026-04-14 18:10:01.020833,784331,1609507694649604,5294619096,0.8296,-0.18544,-0.310368,-4.99625,0.77,-6.3875,-5.216,23.640001,-24.136002,inter_set_rest,7,3.0,174670.0,311940.0,261544.0,293964.0,268433.0
2026-04-14 18:10:01.047024,784332,1609507694658583,5294627784,0.8296,-0.18544,-0.310368,2.19625,1.68875,-5.55625,-5.216,23.640001,-24.136002,inter_set_rest,7,3.0,174670.0,311940.0,261544.0,293964.0,268433.0
2026-04-14 18:10:01.054128,784333,1609507694667647,5294636506,0.8296,-0.18544,-0.310368,4.24375,3.2025,-6.01125,-5.216,23.640001,-24.136002,inter_set_rest,7,3.0,174670.0,311940.0,261544.0,293964.0,268433.0
2026-04-14 18:10:01.129903,784344,1609507694682201,5294651482,0.89792,-0.222528,-0.216672,-1.05,4.43625,-5.53875,-6.416,23.52,-25.696001,inter_set_rest,7,3.0,170151.0,311983.0,256548.0,294079.0,264473.0
2026-04-14 18:10:01.132379,784345,1609507694691111,5294660285,0.835456,-0.267424,-0.275232,-3.7275,4.41875,-4.38375,-6.272,24.12,-25.504002,inter_set_rest,7,3.0,170151.0,311983.0,256548.0,294079.0,264473.0
2026-04-14 18:10:01.134907,784346,1609507694705695,5294675342,0.835456,-0.267424,-0.275232,-2.09125,3.465,-4.7075,-6.272,24.12,-25.504002,inter_set_rest,7,3.0,170151.0,311983.0,256548.0,294079.0,264473.0
2026-04-14 18:10:01.140198,784347,1609507694714690,5294684036,0.83936,-0.171776,-0.277184,4.75125,3.885,-5.4775,-7.464,24.320002,-25.12,inter_set_rest,7,3.0,170151.0,311983.0,256548.0,294079.0,264473.0
2026-04-14 18:10:01.140418,784348,1609507694723659,5294692751,0.83936,-0.171776,-0.277184,8.04125,5.5825,-7.28,-7.464,24.320002,-25.12,inter_set_rest,7,3.0,170151.0,311983.0,256548.0,294079.0,264473.0
2026-04-14 18:10:01.144436,784349,1609507694738166,5294707656,0.874496,-0.181536,-0.218624,4.69875,6.16875,-7.53375,-7.304,24.072,-26.176,inter_set_rest,7,3.0,170151.0,311983.0,256548.0,294079.0,264473.0
2026-04-14 18:10:01.144527,784350,1609507694747092,5294716345,0.874496,-0.181536,-0.218624,-1.435,5.1975,-6.81625,-7.304,24.072,-26.176,inter_set_rest,7,3.0,170151.0,311983.0,256548.0,294079.0,264473.0
2026-04-14 18:10:01.146729,784351,1609507694761579,5294731409,0.85888,-0.236192,-0.199104,-4.47125,3.7625,-5.635,-6.744,23.904001,-25.976002,inter_set_rest,7,3.0,170151.0,311983.0,256548.0,294079.0,264473.0
2026-04-14 18:10:01.149769,784352,1609507694770528,5294740186,0.812032,-0.236192,-0.435296,-3.325,1.91625,-4.83875,-6.384,23.68,-26.392002,inter_set_rest,7,3.0,170151.0,311983.0,256548.0,294079.0,264473.0
2026-04-14 18:10:01.182344,784363,1609507694785109,5294755185,0.812032,-0.236192,-0.435296,0.5075,-0.1575,-4.025,-6.384,23.68,-26.392002,inter_set_rest,7,3.0,167337.0,311018.0,253320.0,293164.0,261812.0
2026-04-14 18:10:01.184608,784364,1609507694794163,5294763967,0.851072,-0.222528,-0.411872,1.61875,-1.1025,-3.115,-6.584,23.936,-26.112001,inter_set_rest,7,3.0,167337.0,311018.0,253320.0,293164.0,261812.0
2026-04-14 18:10:01.186989,784365,1609507694803145,5294772657,0.851072,-0.222528,-0.411872,0.7,-0.245,-1.77625,-6.584,23.936,-26.112001,inter_set_rest,7,3.0,167337.0,311018.0,253320.0,293164.0,261812.0
2026-04-14 18:10:01.189448,784366,1609507694817690,5294787543,0.827648,-0.201056,-0.261568,-1.04125,0.385,-1.085,-6.328,23.568,-26.192001,inter_set_rest,7,3.0,167337.0,311018.0,253320.0,293164.0,261812.0
2026-04-14 18:10:01.194533,784367,1609507694826806,5294796355,0.827648,-0.201056,-0.261568,-1.91625,-0.1225,-0.2975,-6.328,23.568,-26.192001,inter_set_rest,7,3.0,167337.0,311018.0,253320.0,293164.0,261812.0
2026-04-14 18:10:01.210576,784368,1609507694841277,5294811250,0.874496,-0.244,-0.40016,0.53375,-0.25375,-0.16625,-6.16,23.712002,-27.312002,inter_set_rest,7,3.0,167337.0,311018.0,253320.0,293164.0,261812.0
2026-04-14 18:10:01.218474,784369,1609507694850209,5294819941,0.901824,-0.199104,-0.265472,3.45625,-0.14,-0.63875,-6.592001,24.072,-25.016,inter_set_rest,7,3.0,167337.0,311018.0,253320.0,293164.0,261812.0
2026-04-14 18:10:01.226924,784370,1609507694859156,5294828681,0.901824,-0.199104,-0.265472,4.9,0.945,-1.4875,-6.592001,24.072,-25.016,inter_set_rest,7,3.0,167337.0,311018.0,253320.0,293164.0,261812.0
2026-04-14 18:10:01.241863,784371,1609507694873685,5294843602,0.833504,-0.238144,-0.423584,2.2225,1.5925,-0.735,-5.528,23.68,-26.920002,inter_set_rest,7,3.0,167337.0,311018.0,253320.0,293164.0,261812.0
2026-04-14 18:10:01.269934,784382,1609507694882640,5294852399,0.833504,-0.238144,-0.423584,-1.3825,1.68875,0.14,-5.528,23.68,-26.920002,inter_set_rest,7,3.0,170066.0,310354.0,256739.0,292561.0,264772.0
2026-04-14 18:10:01.272427,784383,1609507694897243,5294867317,0.843264,-0.242048,-0.310368,-2.37125,1.04125,1.04125,-5.4,23.928001,-26.168001,inter_set_rest,7,3.0,170066.0,310354.0,256739.0,292561.0,264772.0
2026-04-14 18:10:01.277182,784384,1609507694906301,5294876109,0.843264,-0.242048,-0.310368,0.9625,0.49,1.2775,-5.4,23.928001,-26.168001,inter_set_rest,7,3.0,170066.0,310354.0,256739.0,292561.0,264772.0
2026-04-14 18:10:01.290692,784385,1609507694920779,5294891015,0.880352,-0.203008,-0.181536,3.78,0.0875,1.505,-5.520001,23.928001,-26.920002,inter_set_rest,7,3.0,170066.0,310354.0,256739.0,292561.0,264772.0
2026-04-14 18:10:01.298699,784386,1609507694929703,5294899697,0.880352,-0.203008,-0.318176,4.66375,-0.665,1.6625,-5.520001,23.928001,-26.920002,inter_set_rest,7,3.0,170066.0,310354.0,256739.0,292561.0,264772.0
2026-04-14 18:10:01.311163,784387,1609507694938660,5294908374,0.81008,-0.203008,-0.318176,3.6225,-1.49625,1.2425,-7.112001,24.368002,-26.304,inter_set_rest,7,3.0,170066.0,310354.0,256739.0,292561.0,264772.0
2026-04-14 18:10:01.322416,784388,1609507694953245,5294923296,0.903776,-0.251808,-0.158112,1.6625,-1.82,1.32125,-6.232,24.2,-25.896002,inter_set_rest,7,3.0,170066.0,310354.0,256739.0,292561.0,264772.0
2026-04-14 18:10:01.330704,784389,1609507694962215,5294932026,0.903776,-0.251808,-0.158112,0.1575,-1.7325,0.8575,-6.232,24.2,-25.896002,inter_set_rest,7,3.0,170066.0,310354.0,256739.0,292561.0,264772.0
2026-04-14 18:10:01.415784,784400,1609507694977128,5294947485,0.841312,-0.199104,-0.220576,0.91,-1.2775,0.79625,-6.624001,24.288002,-25.936,inter_set_rest,7,3.0,172524.0,308130.0,259403.0,290365.0,266815.0
2026-04-14 18:10:01.418234,784401,1609507694986110,5294956291,0.841312,-0.199104,-0.220576,2.9225,-0.2975,0.245,-6.624001,24.288002,-25.936,inter_set_rest,7,3.0,172524.0,308130.0,259403.0,290365.0,266815.0
2026-04-14 18:10:01.420806,784402,1609507694995078,5294965027,0.8296,-0.228384,-0.255712,2.17875,-0.035,-0.595,-6.440001,24.584002,-25.832,inter_set_rest,7,3.0,172524.0,308130.0,259403.0,290365.0,266815.0
2026-04-14 18:10:01.423326,784403,1609507695009649,5294979889,0.8296,-0.228384,-0.255712,0.6125,1.0325,0.0,-6.440001,24.584002,-25.832,inter_set_rest,7,3.0,172524.0,308130.0,259403.0,290365.0,266815.0
2026-04-14 18:10:01.425808,784404,1609507695018581,5294988614,0.813984,-0.259616,-0.33184,0.06125,1.505,-0.0175,-6.440001,24.552002,-23.904001,inter_set_rest,7,3.0,172524.0,308130.0,259403.0,290365.0,266815.0
2026-04-14 18:10:01.428232,784405,1609507695033084,5295001510,0.866688,-0.275232,-0.365024,0.7175,2.2225,0.79625,-6.384,24.224,-27.088001,inter_set_rest,7,3.0,172524.0,308130.0,259403.0,290365.0,266815.0
2026-04-14 18:10:01.432103,784406,1609507695042335,5295012361,0.866688,-0.275232,-0.365024,0.90125,2.38875,1.155,-6.384,24.224,-27.088001,inter_set_rest,7,3.0,172524.0,308130.0,259403.0,290365.0,266815.0
2026-04-14 18:10:01.433127,784407,1609507695056863,5295025315,0.91744,-0.255712,-0.249856,0.945,2.58125,0.875,-5.344,24.072,-27.160002,inter_set_rest,7,3.0,172524.0,308130.0,259403.0,290365.0,266815.0
2026-04-14 18:10:01.435595,784408,1609507695066189,5295036081,0.91744,-0.255712,-0.249856,1.1725,2.9925,0.42,-5.344,24.072,-27.160002,inter_set_rest,7,3.0,172524.0,308130.0,259403.0,290365.0,266815.0
2026-04-14 18:10:01.443330,784409,1609507695075192,5295044900,0.886208,-0.208864,-0.171776,0.1925,3.1675,-0.07875,-5.408001,24.304,-26.944002,inter_set_rest,7,3.0,172524.0,308130.0,259403.0,290365.0,266815.0
2026-04-14 18:10:01.470911,784420,1609507695089765,5295059867,0.886208,-0.208864,-0.171776,-0.14875,3.61375,-0.83125,-5.408001,24.304,-26.944002,inter_set_rest,7,3.0,169622.0,306394.0,255733.0,288631.0,263799.0
2026-04-14 18:10:01.473287,784421,1609507695098899,5295068635,0.808128,-0.240096,-0.324032,-2.14375,4.0425,-1.72375,-5.824,24.232,-27.2,inter_set_rest,7,3.0,169622.0,306394.0,255733.0,288631.0,263799.0
2026-04-14 18:10:01.480729,784422,1609507695113501,5295083599,0.895968,-0.284992,-0.296704,-3.3775,4.4275,-2.31,-5.672,23.872002,-27.096,inter_set_rest,7,3.0,169622.0,306394.0,255733.0,288631.0,263799.0
2026-04-14 18:10:01.490780,784423,1609507695122427,5295092297,0.895968,-0.284992,-0.296704,-2.07375,4.52375,-2.91375,-5.672,23.872002,-27.096,inter_set_rest,7,3.0,169622.0,306394.0,255733.0,288631.0,263799.0
2026-04-14 18:10:01.499681,784424,1609507695131386,5295100975,0.911584,-0.232288,-0.236192,-0.14875,4.33125,-2.66,-5.672,23.872002,-25.072,inter_set_rest,7,3.0,169622.0,306394.0,255733.0,288631.0,263799.0
2026-04-14 18:10:01.513325,784425,1609507695145954,5295115877,0.911584,-0.232288,-0.236192,1.75,3.96375,-2.9575,-5.864,24.136002,-25.072,inter_set_rest,7,3.0,169622.0,306394.0,255733.0,288631.0,263799.0
2026-04-14 18:10:01.526719,784426,1609507695154929,5295124592,0.81008,-0.236192,-0.382592,0.25375,3.4475,-2.59875,-5.864,23.912,-26.896002,inter_set_rest,7,3.0,169622.0,306394.0,255733.0,288631.0,263799.0
2026-04-14 18:10:01.538007,784427,1609507695169524,5295139479,0.81008,-0.236192,-0.382592,-2.2575,4.26125,-2.03875,-5.864,23.912,-26.896002,inter_set_rest,7,3.0,169622.0,306394.0,255733.0,288631.0,263799.0
2026-04-14 18:10:01.568240,784438,1609507695179046,5295148663,0.874496,-0.27328,-0.162016,-3.675,4.97,-2.065,-5.8,24.424002,-26.896002,inter_set_rest,7,3.0,165374.0,305635.0,250438.0,287807.0,259343.0
2026-04-14 18:10:01.570708,784439,1609507695188345,5295157396,0.874496,-0.27328,-0.162016,-3.40375,5.15375,-1.96875,-5.8,24.424002,-26.896002,inter_set_rest,7,3.0,165374.0,305635.0,250438.0,287807.0,259343.0
2026-04-14 18:10:01.573345,784440,1609507695202979,5295172376,0.892064,-0.261568,-0.189344,-1.46125,5.1625,-1.75875,-6.024,24.248001,-26.032001,inter_set_rest,7,3.0,165374.0,305635.0,250438.0,287807.0,259343.0
2026-04-14 18:10:01.579567,784441,1609507695212016,5295181111,0.837408,-0.183488,-0.1952,1.5575,4.59375,-1.435,-6.024,24.768002,-26.128002,inter_set_rest,7,3.0,165374.0,305635.0,250438.0,287807.0,259343.0
2026-04-14 18:10:01.594640,784442,1609507695226521,5295196026,0.837408,-0.183488,-0.1952,3.36,3.59625,-1.26875,-6.752,24.768002,-26.128002,inter_set_rest,7,3.0,165374.0,305635.0,250438.0,287807.0,259343.0
2026-04-14 18:10:01.604642,784443,1609507695235555,5295204734,0.817888,-0.222528,-0.277184,1.18125,3.14125,-0.97125,-6.512,23.824001,-26.912,inter_set_rest,7,3.0,165374.0,305635.0,250438.0,287807.0,259343.0
2026-04-14 18:10:01.612090,784444,1609507695244474,5295213418,0.817888,-0.222528,-0.277184,-2.24875,3.05375,-0.42875,-6.512,23.824001,-26.912,inter_set_rest,7,3.0,165374.0,305635.0,250438.0,287807.0,259343.0
2026-04-14 18:10:01.629345,784445,1609507695259128,5295228339,0.837408,-0.247904,-0.22448,-4.10375,3.08,0.18375,-5.8,24.112001,-27.568,inter_set_rest,7,3.0,165374.0,305635.0,250438.0,287807.0,259343.0
2026-04-14 18:10:01.634494,784446,1609507695268222,5295237039,0.837408,-0.247904,-0.22448,-3.49125,2.47625,0.6825,-5.8,24.112001,-27.568,inter_set_rest,7,3.0,165374.0,305635.0,250438.0,287807.0,259343.0
2026-04-14 18:10:01.670810,784457,1609507695282810,5295251983,0.90768,-0.249856,-0.222528,-0.945,1.46125,0.53375,-5.312,23.976002,-26.576002,inter_set_rest,7,3.0,165436.0,304720.0,250562.0,286864.0,259510.0
2026-04-14 18:10:01.673395,784458,1609507695291822,5295260776,0.90768,-0.249856,-0.144448,1.47,0.805,0.11375,-5.312,23.976002,-26.576002,inter_set_rest,7,3.0,165436.0,304720.0,250562.0,286864.0,259510.0
2026-04-14 18:10:01.675854,784459,1609507695300750,5295269507,0.901824,-0.22448,-0.1464,1.26,0.42875,-0.3675,-7.024,24.744001,-21.832,inter_set_rest,7,3.0,165436.0,304720.0,250562.0,286864.0,259510.0
2026-04-14 18:10:01.683103,784460,1609507695315707,5295284453,0.90768,-0.275232,-0.286944,-0.525,-0.0525,-0.04375,-7.608,24.656002,-24.976002,inter_set_rest,7,3.0,165436.0,304720.0,250562.0,286864.0,259510.0
2026-04-14 18:10:01.717205,784461,1609507695325043,5295295253,0.90768,-0.275232,-0.286944,-2.02125,-0.0875,0.04375,-7.608,24.656002,-24.976002,inter_set_rest,7,3.0,165436.0,304720.0,250562.0,286864.0,259510.0
2026-04-14 18:10:01.722517,784462,1609507695339622,5295308086,0.821792,-0.249856,-0.388448,-1.7675,-0.0525,0.1925,-6.936,24.328001,-24.824001,inter_set_rest,7,3.0,165436.0,304720.0,250562.0,286864.0,259510.0
2026-04-14 18:10:01.723040,784463,1609507695348915,5295318836,0.821792,-0.249856,-0.388448,-0.0875,0.13125,-0.385,-6.936,24.328001,-24.824001,inter_set_rest,7,3.0,165436.0,304720.0,250562.0,286864.0,259510.0
2026-04-14 18:10:01.748316,784464,1609507695357844,5295327574,0.905728,-0.279136,-0.271328,0.105,0.39375,-0.07,-6.648,24.736002,-25.632002,inter_set_rest,7,3.0,165436.0,304720.0,250562.0,286864.0,259510.0
2026-04-14 18:10:01.773400,784465,1609507695372338,5295342448,0.905728,-0.279136,-0.365024,0.6125,1.085,0.95375,-6.648,24.736002,-25.632002,inter_set_rest,7,3.0,165436.0,304720.0,250562.0,286864.0,259510.0
2026-04-14 18:10:01.800852,784476,1609507695381344,5295351219,0.8296,-0.286944,-0.372832,1.67125,0.6475,1.18125,-6.568,24.608002,-25.6,inter_set_rest,7,3.0,169782.0,303921.0,255754.0,286117.0,263978.0
2026-04-14 18:10:01.805823,784477,1609507695396072,5295366109,0.919392,-0.269376,-0.206912,2.7125,0.25375,1.35625,-6.632,24.528002,-25.536001,inter_set_rest,7,3.0,169782.0,303921.0,255754.0,286117.0,263978.0
2026-04-14 18:10:01.810864,784478,1609507695405037,5295374783,0.919392,-0.269376,-0.206912,4.4625,0.5425,2.42375,-6.632,24.528002,-25.536001,inter_set_rest,7,3.0,169782.0,303921.0,255754.0,286117.0,263978.0
2026-04-14 18:10:01.811194,784479,1609507695414006,5295383551,0.821792,-0.236192,-0.376736,5.80125,0.69125,2.73,-6.656,24.36,-24.056002,inter_set_rest,7,3.0,169782.0,303921.0,255754.0,286117.0,263978.0
2026-04-14 18:10:01.813105,784480,1609507695428609,5295398511,0.821792,-0.236192,-0.376736,5.11875,1.46125,1.855,-6.656,24.36,-24.056002,inter_set_rest,7,3.0,169782.0,303921.0,255754.0,286117.0,263978.0
2026-04-14 18:10:01.822234,784481,1609507695437557,5295407216,0.815936,-0.242048,-0.279136,3.43,1.8375,1.7675,-6.76,24.832,-26.464,inter_set_rest,7,3.0,169782.0,303921.0,255754.0,286117.0,263978.0
2026-04-14 18:10:01.822334,784482,1609507695452123,5295422132,0.815936,-0.242048,-0.279136,1.98625,2.05625,2.1175,-6.76,24.832,-26.464,inter_set_rest,7,3.0,169782.0,303921.0,255754.0,286117.0,263978.0
2026-04-14 18:10:01.829786,784483,1609507695461081,5295430875,0.847168,-0.232288,-0.177632,1.47875,1.7675,2.2575,-5.68,24.928001,-26.448002,inter_set_rest,7,3.0,169782.0,303921.0,255754.0,286117.0,263978.0
2026-04-14 18:10:01.844768,784484,1609507695475721,5295445937,0.854976,-0.271328,-0.349408,2.28375,2.03,1.47875,-5.736,24.624,-25.800001,inter_set_rest,7,3.0,169782.0,303921.0,255754.0,286117.0,263978.0
2026-04-14 18:10:01.872404,784495,1609507695484911,5295454742,0.854976,-0.271328,-0.349408,1.6275,1.89,0.95375,-5.736,24.624,-25.800001,inter_set_rest,7,3.0,172344.0,303158.0,258834.0,285386.0,266539.0
2026-04-14 18:10:01.874608,784496,1609507695493924,5295463449,0.913536,-0.294752,-0.220576,0.37625,1.33,1.07625,-7.784,25.288002,-23.640001,inter_set_rest,7,3.0,172344.0,303158.0,258834.0,285386.0,266539.0
2026-04-14 18:10:01.877396,784497,1609507695508449,5295478421,0.913536,-0.294752,-0.220576,-0.7525,0.77,1.05875,-7.208,25.288002,-23.640001,inter_set_rest,7,3.0,172344.0,303158.0,258834.0,285386.0,266539.0
2026-04-14 18:10:01.885050,784498,1609507695517424,5295487123,0.821792,-0.275232,-0.374784,-0.0175,-0.21,0.70875,-7.224001,25.224,-25.392002,inter_set_rest,7,3.0,172344.0,303158.0,258834.0,285386.0,266539.0
2026-04-14 18:10:01.904705,784499,1609507695531929,5295502040,0.821792,-0.275232,-0.374784,1.49625,-1.35625,1.295,-7.224001,25.224,-25.392002,inter_set_rest,7,3.0,172344.0,303158.0,258834.0,285386.0,266539.0
2026-04-14 18:10:01.913813,784500,1609507695540887,5295510734,0.921344,-0.281088,-0.171776,1.26,-1.9425,1.11125,-5.392,24.704,-26.856,inter_set_rest,7,3.0,172344.0,303158.0,258834.0,285386.0,266539.0
2026-04-14 18:10:01.916806,784501,1609507695549829,5295519440,0.921344,-0.281088,-0.171776,0.95375,-2.5375,0.60375,-5.392,24.704,-26.856,inter_set_rest,7,3.0,172344.0,303158.0,258834.0,285386.0,266539.0
2026-04-14 18:10:01.933488,784502,1609507695564330,5295534338,0.876448,-0.238144,-0.13664,0.25375,-2.975,0.16625,-5.688,24.952002,-26.536001,inter_set_rest,7,3.0,172344.0,303158.0,258834.0,285386.0,266539.0
2026-04-14 18:10:01.942003,784503,1609507695573335,5295543023,0.876448,-0.238144,-0.13664,-0.88375,-2.26625,-0.595,-5.688,24.952002,-26.536001,inter_set_rest,7,3.0,172344.0,303158.0,258834.0,285386.0,266539.0
2026-04-14 18:10:01.972446,784514,1609507695587872,5295558080,0.899872,-0.30256,-0.306464,-2.5025,-1.2075,-0.83125,-5.216,24.904001,-25.536001,inter_set_rest,7,3.0,168465.0,301953.0,254121.0,284081.0,262635.0
2026-04-14 18:10:01.974514,784515,1609507695596947,5295566818,0.817888,-0.267424,-0.247904,-4.0075,-0.37625,-0.72625,-6.224001,25.016,-25.408,inter_set_rest,7,3.0,168465.0,301953.0,254121.0,284081.0,262635.0
2026-04-14 18:10:01.979527,784516,1609507695611471,5295581758,0.817888,-0.267424,-0.247904,-3.82375,0.3675,-0.7175,-6.224001,25.016,-25.408,inter_set_rest,7,3.0,168465.0,301953.0,254121.0,284081.0,262635.0
2026-04-14 18:10:01.989882,784517,1609507695620556,5295590464,0.792512,-0.265472,-0.36112,-1.65375,1.07625,-0.39375,-6.264,24.400002,-26.528002,inter_set_rest,7,3.0,168465.0,301953.0,254121.0,284081.0,262635.0
2026-04-14 18:10:01.998438,784518,1609507695629542,5295599255,0.792512,-0.265472,-0.36112,0.23625,1.30375,-0.42875,-6.264,24.400002,-26.528002,inter_set_rest,7,3.0,168465.0,301953.0,254121.0,284081.0,262635.0
2026-04-14 18:10:02.012251,784519,1609507695644027,5295614159,0.808128,-0.257664,-0.259616,0.1225,1.67125,0.07,-5.032,24.512001,-26.488,inter_set_rest,7,3.0,168465.0,301953.0,254121.0,284081.0,262635.0
2026-04-14 18:10:02.021003,784520,1609507695653046,5295622866,0.808128,-0.257664,-0.259616,-0.5075,1.98625,0.4025,-5.032,24.512001,-26.488,inter_set_rest,7,3.0,168465.0,301953.0,254121.0,284081.0,262635.0
2026-04-14 18:10:02.037243,784521,1609507695667542,5295637797,0.843264,-0.257664,-0.163968,-1.1025,2.24,0.65625,-5.488,24.808,-26.136002,inter_set_rest,7,3.0,168465.0,301953.0,254121.0,284081.0,262635.0
2026-04-14 18:10:02.044912,784522,1609507695676581,5295646566,0.80032,-0.269376,-0.384544,-0.665,3.14125,0.8925,-5.288,24.664001,-27.544,inter_set_rest,7,3.0,168465.0,301953.0,254121.0,284081.0,262635.0
2026-04-14 18:10:02.072400,784533,1609507695685677,5295655506,0.80032,-0.269376,-0.384544,-0.245,3.5175,0.20125,-5.288,24.664001,-27.544,inter_set_rest,7,3.0,167002.0,302232.0,252394.0,284285.0,261259.0
2026-04-14 18:10:02.074560,784534,1609507695700227,5295670465,0.806176,-0.247904,-0.27328,-0.56,3.3425,-0.21875,-5.32,24.864,-26.664001,inter_set_rest,7,3.0,167002.0,302232.0,252394.0,284285.0,261259.0
2026-04-14 18:10:02.077428,784535,1609507695709236,5295679219,0.806176,-0.247904,-0.27328,-1.84625,2.87,-0.35875,-5.32,24.864,-26.664001,inter_set_rest,7,3.0,167002.0,302232.0,252394.0,284285.0,261259.0
2026-04-14 18:10:02.092140,784536,1609507695723741,5295692109,0.833504,-0.284992,-0.247904,-3.57,2.31875,-0.30625,-5.72,24.648,-26.392002,inter_set_rest,7,3.0,167002.0,302232.0,252394.0,284285.0,261259.0
2026-04-14 18:10:02.118490,784537,1609507695732936,5295702890,0.833504,-0.284992,-0.247904,-3.96375,2.38875,0.04375,-5.72,24.648,-26.392002,inter_set_rest,7,3.0,167002.0,302232.0,252394.0,284285.0,261259.0
2026-04-14 18:10:02.144884,784538,1609507695747517,5295717771,0.880352,-0.28304,-0.160064,-2.70375,2.4675,0.84875,-5.504,24.784,-26.968,inter_set_rest,7,3.0,167002.0,302232.0,252394.0,284285.0,261259.0
2026-04-14 18:10:02.147375,784539,1609507695756621,5295726530,0.911584,-0.269376,-0.193248,-1.05875,2.61625,1.435,-6.376,25.28,-25.648,inter_set_rest,7,3.0,167002.0,302232.0,252394.0,284285.0,261259.0
2026-04-14 18:10:02.149798,784540,1609507695765593,5295735222,0.911584,-0.269376,-0.193248,-0.49,2.4675,1.53125,-6.376,25.28,-25.648,inter_set_rest,7,3.0,167002.0,302232.0,252394.0,284285.0,261259.0
2026-04-14 18:10:02.177438,784551,1609507695780166,5295750116,0.88816,-0.240096,-0.1464,-0.4725,2.17875,0.84875,-5.472,25.088001,-25.448002,inter_set_rest,7,3.0,168370.0,302745.0,254092.0,284803.0,262750.0
2026-04-14 18:10:02.179930,784552,1609507695789111,5295758859,0.88816,-0.240096,-0.1464,-1.51375,1.77625,0.3325,-5.472,25.088001,-25.448002,inter_set_rest,7,3.0,168370.0,302745.0,254092.0,284803.0,262750.0
2026-04-14 18:10:02.185907,784553,1609507695803653,5295773806,0.847168,-0.2928,-0.376736,-3.84125,2.16125,0.23625,-6.288,25.288002,-25.176,inter_set_rest,7,3.0,168370.0,302745.0,254092.0,284803.0,262750.0
2026-04-14 18:10:02.186208,784554,1609507695812589,5295782501,0.847168,-0.2928,-0.376736,-4.7425,2.4675,-0.2625,-6.288,25.288002,-25.176,inter_set_rest,7,3.0,168370.0,302745.0,254092.0,284803.0,262750.0
2026-04-14 18:10:02.191900,784555,1609507695821597,5295791271,0.837408,-0.279136,-0.17568,-4.935,2.45,-0.42,-6.384,24.944,-25.408,inter_set_rest,7,3.0,168370.0,302745.0,254092.0,284803.0,262750.0
2026-04-14 18:10:02.206031,784556,1609507695836096,5295806184,0.81984,-0.259616,-0.179584,-3.4125,2.2225,0.385,-4.336,24.968,-27.096,inter_set_rest,7,3.0,168370.0,302745.0,254092.0,284803.0,262750.0
2026-04-14 18:10:02.213546,784557,1609507695845066,5295814888,0.81984,-0.259616,-0.179584,-1.25125,2.31,0.8575,-5.408001,24.968,-27.096,inter_set_rest,7,3.0,168370.0,302745.0,254092.0,284803.0,262750.0
2026-04-14 18:10:02.227382,784558,1609507695859615,5295829760,0.80032,-0.269376,-0.269376,-1.53125,2.35375,2.1,-4.928001,25.192001,-26.544,inter_set_rest,7,3.0,168370.0,302745.0,254092.0,284803.0,262750.0
2026-04-14 18:10:02.236146,784559,1609507695868599,5295838451,0.80032,-0.269376,-0.269376,-2.0825,2.07375,3.2375,-4.928001,25.192001,-26.544,inter_set_rest,7,3.0,168370.0,302745.0,254092.0,284803.0,262750.0
2026-04-14 18:10:02.274554,784570,1609507695883218,5295853487,0.89792,-0.310368,-0.2928,-3.1675,2.12625,3.91125,-5.528,24.808,-25.536001,inter_set_rest,7,3.0,170702.0,303608.0,257022.0,285683.0,265238.0
2026-04-14 18:10:02.279593,784571,1609507695892315,5295862240,0.89792,-0.310368,-0.2928,-3.2375,2.12625,4.0775,-5.528,24.808,-25.536001,inter_set_rest,7,3.0,170702.0,303608.0,257022.0,285683.0,265238.0
2026-04-14 18:10:02.280032,784572,1609507695901362,5295871188,0.821792,-0.275232,-0.388448,-2.835,2.21375,3.6925,-7.32,25.336,-24.256,inter_set_rest,7,3.0,170702.0,303608.0,257022.0,285683.0,265238.0
2026-04-14 18:10:02.286259,784573,1609507695915886,5295886134,0.821792,-0.275232,-0.353312,-2.86125,1.89875,3.15875,-7.32,25.336,-24.256,inter_set_rest,7,3.0,170702.0,303608.0,257022.0,285683.0,265238.0
2026-04-14 18:10:02.293544,784574,1609507695924824,5295894815,0.84912,-0.294752,-0.353312,-3.15875,1.54,2.51125,-6.664001,25.272001,-22.616001,inter_set_rest,7,3.0,170702.0,303608.0,257022.0,285683.0,265238.0
2026-04-14 18:10:02.308245,784575,1609507695939510,5295909748,0.88816,-0.324032,-0.335744,-3.675,1.4,2.9225,-5.312,24.328001,-26.36,inter_set_rest,7,3.0,170702.0,303608.0,257022.0,285683.0,265238.0
2026-04-14 18:10:02.317315,784576,1609507695948520,5295918448,0.88816,-0.324032,-0.335744,-4.0775,1.09375,2.2925,-5.312,24.328001,-26.36,inter_set_rest,7,3.0,170702.0,303608.0,257022.0,285683.0,265238.0
2026-04-14 18:10:02.354401,784577,1609507695957581,5295927183,0.931104,-0.306464,-0.148352,-4.13,0.6825,2.05625,-6.184001,25.048,-26.720001,concentric,7,3.0,170702.0,303608.0,257022.0,285683.0,265238.0
2026-04-14 18:10:02.356951,784578,1609507695972274,5295942090,0.931104,-0.306464,-0.148352,-3.22,0.035,1.77625,-6.184001,25.048,-26.720001,concentric,7,3.0,170702.0,303608.0,257022.0,285683.0,265238.0
2026-04-14 18:10:02.386815,784589,1609507695981233,5295950866,0.833504,-0.298656,-0.368928,-3.24625,-0.20125,1.67125,-5.904,25.296001,-25.104002,concentric,7,3.0,171859.0,303872.0,258516.0,285948.0,266521.0
2026-04-14 18:10:02.389847,784590,1609507695995824,5295965782,0.833504,-0.298656,-0.368928,-2.10875,-0.21,1.60125,-5.904,25.296001,-25.104002,concentric,7,3.0,171859.0,303872.0,258516.0,285948.0,266521.0
2026-04-14 18:10:02.391783,784591,1609507696004863,5295974529,0.880352,-0.2928,-0.245952,-0.7175,-0.25375,1.2425,-6.176,24.592001,-25.688002,concentric,7,3.0,171859.0,303872.0,258516.0,285948.0,266521.0
2026-04-14 18:10:02.394779,784592,1609507696019420,5295989449,0.784704,-0.275232,-0.271328,-1.12875,-0.14875,0.7175,-5.76,24.448002,-26.512001,concentric,7,3.0,171859.0,303872.0,258516.0,285948.0,266521.0
2026-04-14 18:10:02.397211,784593,1609507696028399,5295998201,0.784704,-0.275232,-0.271328,-1.68875,0.315,0.27125,-5.76,24.448002,-26.512001,concentric,7,3.0,171859.0,303872.0,258516.0,285948.0,266521.0
2026-04-14 18:10:02.404337,784594,1609507696037350,5296006913,0.886208,-0.316224,-0.189344,-2.47625,0.21875,0.42875,-5.76,24.832,-25.072,concentric,7,3.0,171859.0,303872.0,258516.0,285948.0,266521.0
2026-04-14 18:10:02.419579,784595,1609507696052052,5296021827,0.886208,-0.316224,-0.189344,-1.70625,0.30625,1.75875,-5.32,24.832,-25.072,concentric,7,3.0,171859.0,303872.0,258516.0,285948.0,266521.0
2026-04-14 18:10:02.431136,784596,1609507696060989,5296030521,0.83936,-0.2928,-0.101504,-0.0875,0.6125,2.73875,-4.904,24.904001,-26.704,concentric,7,3.0,171859.0,303872.0,258516.0,285948.0,266521.0
2026-04-14 18:10:02.446110,784597,1609507696075443,5296045390,0.83936,-0.2928,-0.101504,1.505,0.65625,3.24625,-4.904,24.904001,-26.704,concentric,7,3.0,171859.0,303872.0,258516.0,285948.0,266521.0
2026-04-14 18:10:02.534962,784608,1609507696084890,5296054172,0.845216,-0.3416,-0.177632,2.70375,0.9975,4.6025,-5.88,25.048,-25.096,concentric,7,3.0,168495.0,305899.0,254763.0,287927.0,263515.0
2026-04-14 18:10:02.537405,784609,1609507696093968,5296062898,0.845216,-0.3416,-0.177632,2.555,0.95375,7.385,-5.88,25.048,-25.096,concentric,7,3.0,168495.0,305899.0,254763.0,287927.0,263515.0
2026-04-14 18:10:02.539943,784610,1609507696108479,5296077874,0.708576,-0.28304,-0.267424,4.29625,1.28625,10.42125,-4.928001,24.912,-26.552002,concentric,7,3.0,168495.0,305899.0,254763.0,287927.0,263515.0
2026-04-14 18:10:02.544943,784611,1609507696117431,5296086553,0.708576,-0.28304,-0.134688,4.9875,1.37375,12.6875,-4.928001,24.912,-26.552002,concentric,7,3.0,168495.0,305899.0,254763.0,287927.0,263515.0
2026-04-14 18:10:02.547429,784612,1609507696132075,5296101438,0.753472,-0.28304,-0.134688,5.4075,1.2075,16.02125,-5.088,25.368002,-26.456001,concentric,7,3.0,168495.0,305899.0,254763.0,287927.0,263515.0
2026-04-14 18:10:02.552421,784613,1609507696141167,5296110144,0.851072,-0.40016,-0.122976,5.29375,-0.98,19.2675,-4.968,25.352001,-26.464,concentric,7,3.0,168495.0,305899.0,254763.0,287927.0,263515.0
2026-04-14 18:10:02.554929,784614,1609507696150116,5296118877,0.851072,-0.40016,-0.122976,5.32,-3.01875,23.94875,-4.968,25.352001,-26.464,concentric,7,3.0,168495.0,305899.0,254763.0,287927.0,263515.0
2026-04-14 18:10:02.560856,784615,1609507696165017,5296133776,0.874496,-0.318176,-0.074176,2.44125,-6.22125,28.42,-4.544,25.624,-25.024002,concentric,7,3.0,168495.0,305899.0,254763.0,287927.0,263515.0
2026-04-14 18:10:02.560976,784616,1609507696174432,5296144578,0.874496,-0.318176,-0.074176,7.58625,-6.4925,31.14125,-4.544,25.624,-25.024002,concentric,7,3.0,168495.0,305899.0,254763.0,287927.0,263515.0
2026-04-14 18:10:02.587375,784627,1609507696189138,5296157557,0.815936,-0.247904,-0.277184,13.5275,-4.655,28.0525,-4.552,25.896002,-25.240002,concentric,7,3.0,157977.0,307179.0,242615.0,289202.0,252848.0
2026-04-14 18:10:02.589540,784628,1609507696198643,5296168353,0.733952,-0.251808,-0.329888,10.43875,-3.36,25.71625,-4.896,25.640001,-23.496,concentric,7,3.0,157977.0,307179.0,242615.0,289202.0,252848.0
2026-04-14 18:10:02.591830,784629,1609507696207601,5296177079,0.733952,-0.251808,-0.329888,5.81,-3.2725,26.3725,-4.896,25.640001,-23.496,concentric,7,3.0,157977.0,307179.0,242615.0,289202.0,252848.0
2026-04-14 18:10:02.594928,784630,1609507696222205,5296192085,0.851072,-0.41968,-0.222528,1.89,-5.46,27.06375,-4.272,25.744001,-25.016,concentric,7,3.0,157977.0,307179.0,242615.0,289202.0,252848.0
2026-04-14 18:10:02.599888,784631,1609507696231138,5296200858,0.851072,-0.41968,-0.222528,-2.65125,-7.30625,29.12875,-4.272,25.744001,-25.016,concentric,7,3.0,157977.0,307179.0,242615.0,289202.0,252848.0
2026-04-14 18:10:02.615994,784632,1609507696245655,5296215751,0.776896,-0.396256,-0.306464,-15.645,-12.90625,33.85375,-3.928,25.536001,-23.624,concentric,7,3.0,157977.0,307179.0,242615.0,289202.0,252848.0
2026-04-14 18:10:02.623732,784633,1609507696254586,5296224475,0.776896,-0.396256,-0.306464,-19.355,-17.45625,39.75125,-3.928,25.536001,-23.624,concentric,7,3.0,157977.0,307179.0,242615.0,289202.0,252848.0
2026-04-14 18:10:02.631082,784634,1609507696263604,5296233199,0.831552,-0.333792,-0.249856,-13.20375,-19.1975,40.1975,-3.088,25.856,-25.12,concentric,7,3.0,157977.0,307179.0,242615.0,289202.0,252848.0
2026-04-14 18:10:02.646227,784635,1609507696278140,5296248107,0.831552,-0.333792,-0.249856,-13.4225,-19.53,38.0625,-3.088,25.856,-25.12,concentric,7,3.0,157977.0,307179.0,242615.0,289202.0,252848.0
2026-04-14 18:10:02.678606,784646,1609507696287519,5296256915,0.675392,-0.296704,-0.288896,-13.02,-17.465,36.58375,-1.928,25.36,-26.560001,concentric,7,3.0,156955.0,307362.0,242298.0,289698.0,251664.0
2026-04-14 18:10:02.681097,784647,1609507696302126,5296271879,0.7808,-0.450912,-0.269376,-13.02,-15.190001,36.4175,-1.688,24.864,-26.624,concentric,7,3.0,156955.0,307362.0,242298.0,289698.0,251664.0
2026-04-14 18:10:02.683547,784648,1609507696311128,5296280647,0.7808,-0.450912,-0.269376,-12.565,-13.3,37.65125,-1.688,24.864,-26.624,concentric,7,3.0,156955.0,307362.0,242298.0,289698.0,251664.0
2026-04-14 18:10:02.688693,784649,1609507696320203,5296289345,0.716384,-0.488,-0.384544,-16.79125,-15.93375,40.83625,-1.16,24.872002,-26.128002,concentric,7,3.0,156955.0,307362.0,242298.0,289698.0,251664.0
2026-04-14 18:10:02.704937,784650,1609507696334739,5296304229,0.716384,-0.488,-0.384544,-15.4525,-20.8425,45.15,-1.16,24.872002,-26.128002,concentric,7,3.0,156955.0,307362.0,242298.0,289698.0,251664.0
2026-04-14 18:10:02.711189,784651,1609507696343692,5296312941,0.747616,-0.374784,-0.290848,-1.9425,-21.97125,45.9725,-0.672,25.168001,-26.240002,concentric,7,3.0,156955.0,307362.0,242298.0,289698.0,251664.0
2026-04-14 18:10:02.727438,784652,1609507696358201,5296327863,0.747616,-0.374784,-0.290848,3.36,-21.27125,44.66875,-0.672,25.168001,-26.240002,concentric,7,3.0,156955.0,307362.0,242298.0,289698.0,251664.0
2026-04-14 18:10:02.734909,784653,1609507696367152,5296336563,0.64416,-0.345504,-0.230336,1.575,-19.9325,44.79125,-0.144,25.320002,-25.384,concentric,7,3.0,156955.0,307362.0,242298.0,289698.0,251664.0
2026-04-14 18:10:02.752033,784654,1609507696381657,5296351462,0.735904,-0.552416,-0.464576,-4.38375,-18.92625,46.4625,-0.496,25.44,-27.048,concentric,7,3.0,156955.0,307362.0,242298.0,289698.0,251664.0
2026-04-14 18:10:02.780634,784665,1609507696390648,5296360221,0.735904,-0.552416,-0.464576,-12.11875,-20.5275,49.39375,-0.496,25.44,-27.048,concentric,7,3.0,147416.0,299171.0,230984.0,281458.0,240883.0
2026-04-14 18:10:02.783337,784666,1609507696399740,5296369018,0.806176,-0.484096,-0.132736,-14.7,-24.885,52.7275,1.552,25.144001,-24.320002,concentric,7,3.0,147416.0,299171.0,230984.0,281458.0,240883.0
2026-04-14 18:10:02.785837,784667,1609507696414444,5296383958,0.806176,-0.484096,-0.132736,-3.815,-27.125,53.2175,0.472,25.144001,-24.320002,concentric,7,3.0,147416.0,299171.0,230984.0,281458.0,240883.0
2026-04-14 18:10:02.790727,784668,1609507696423411,5296392652,0.737856,-0.384544,-0.12688,7.6825,-25.87375,50.0675,0.92,24.984001,-25.824001,concentric,7,3.0,147416.0,299171.0,230984.0,281458.0,240883.0
2026-04-14 18:10:02.805840,784669,1609507696437922,5296407540,0.737856,-0.384544,-0.12688,9.205,-23.96625,47.32,0.92,24.984001,-25.824001,concentric,7,3.0,147416.0,299171.0,230984.0,281458.0,240883.0
2026-04-14 18:10:02.813375,784670,1609507696446885,5296416288,0.64416,-0.47824,-0.382592,7.41125,-22.8025,47.22375,2.224,25.080002,-25.544,concentric,7,3.0,147416.0,299171.0,230984.0,281458.0,240883.0
2026-04-14 18:10:02.823393,784671,1609507696455821,5296425116,0.64416,-0.47824,-0.382592,3.605,-23.31875,49.69125,2.224,25.080002,-25.544,concentric,7,3.0,147416.0,299171.0,230984.0,281458.0,240883.0
2026-04-14 18:10:02.853596,784672,1609507696470277,5296440105,0.612928,-0.573888,-0.335744,-0.81375,-25.83,52.2025,2.44,25.384,-26.056002,concentric,7,3.0,147416.0,299171.0,230984.0,281458.0,240883.0
2026-04-14 18:10:02.878216,784673,1609507696479270,5296448941,0.612928,-0.573888,-0.335744,0.105,-29.19,53.36625,2.44,25.384,-26.056002,concentric,7,3.0,147416.0,299171.0,230984.0,281458.0,240883.0
2026-04-14 18:10:02.910879,784684,1609507696494306,5296463966,0.733952,-0.587552,-0.261568,6.5275,-32.1825,55.615,2.184,25.784,-27.608002,concentric,7,3.0,126332.0,285592.0,205663.0,268425.0,216956.0
2026-04-14 18:10:02.913266,784685,1609507696503339,5296472660,0.657824,-0.417728,-0.177632,15.9425,-34.39625,56.07875,3.672,25.728,-25.328001,concentric,7,3.0,126332.0,285592.0,205663.0,268425.0,216956.0
2026-04-14 18:10:02.915885,784686,1609507696512256,5296481377,0.657824,-0.417728,-0.177632,28.0175,-34.405,53.725,3.672,25.728,-25.328001,concentric,7,3.0,126332.0,285592.0,205663.0,268425.0,216956.0
2026-04-14 18:10:02.918390,784687,1609507696526777,5296496339,0.550464,-0.548512,-0.491904,27.51875,-33.6175,52.59625,4.144,25.800001,-25.312,concentric,7,3.0,126332.0,285592.0,205663.0,268425.0,216956.0
2026-04-14 18:10:02.923396,784688,1609507696535843,5296505104,0.550464,-0.548512,-0.491904,18.48875,-35.06125,55.18625,4.144,25.800001,-25.312,concentric,7,3.0,126332.0,285592.0,205663.0,268425.0,216956.0
2026-04-14 18:10:02.925849,784689,1609507696550423,5296519999,0.671488,-0.651968,-0.27328,4.0425,-38.43,58.56375,4.976,25.584002,-24.904001,concentric,7,3.0,126332.0,285592.0,205663.0,268425.0,216956.0
2026-04-14 18:10:02.928301,784690,1609507696559475,5296528808,0.671488,-0.651968,-0.27328,1.0325,-40.9675,60.17375,4.976,25.584002,-24.904001,concentric,7,3.0,126332.0,285592.0,205663.0,268425.0,216956.0
2026-04-14 18:10:02.941878,784691,1609507696574076,5296543760,0.54656,-0.552416,-0.28304,10.8675,-42.5425,59.50875,5.768,25.824001,-28.52,concentric,7,3.0,126332.0,285592.0,205663.0,268425.0,216956.0
2026-04-14 18:10:02.950734,784692,1609507696583062,5296552460,0.515328,-0.523136,-0.222528,21.37625,-42.62125,57.2775,6.568,25.752,-24.952002,concentric,7,3.0,126332.0,285592.0,205663.0,268425.0,216956.0
2026-04-14 18:10:03.007390,784703,1609507696592083,5296561191,0.515328,-0.523136,-0.222528,27.57125,-44.03,55.6325,6.568,25.752,-24.952002,concentric,7,3.0,103486.0,268496.0,178575.0,252613.0,190290.0
2026-04-14 18:10:03.009967,784704,1609507696606605,5296576116,0.560224,-0.704672,-0.505568,28.00875,-44.44125,57.3825,7.408001,25.672,-24.344002,concentric,7,3.0,103486.0,268496.0,178575.0,252613.0,190290.0
2026-04-14 18:10:03.012391,784705,1609507696615533,5296584814,0.560224,-0.704672,-0.505568,19.6875,-45.6925,62.125,7.408001,25.672,-24.344002,concentric,7,3.0,103486.0,268496.0,178575.0,252613.0,190290.0
2026-04-14 18:10:03.014985,784706,1609507696630127,5296599887,0.610976,-0.739808,-0.488,17.78875,-46.55875,62.86875,8.376,25.824001,-24.312,concentric,7,3.0,103486.0,268496.0,178575.0,252613.0,190290.0
2026-04-14 18:10:03.017435,784707,1609507696639221,5296608626,0.610976,-0.739808,-0.488,25.55875,-44.2925,61.43375,8.376,25.824001,-24.312,concentric,7,3.0,103486.0,268496.0,178575.0,252613.0,190290.0
2026-04-14 18:10:03.019927,784708,1609507696648233,5296617341,0.599264,-0.597312,-0.427488,32.99625,-42.81375,61.705,9.448001,26.304,-22.28,concentric,7,3.0,103486.0,268496.0,178575.0,252613.0,190290.0
2026-04-14 18:10:03.034340,784709,1609507696662793,5296632293,0.579744,-0.665632,-0.382592,37.0825,-42.16625,61.11,10.464001,25.824001,-23.744001,concentric,7,3.0,103486.0,268496.0,178575.0,252613.0,190290.0
2026-04-14 18:10:03.044518,784710,1609507696671771,5296640994,0.579744,-0.665632,-0.382592,29.39125,-42.67375,58.572502,10.464001,25.824001,-23.744001,concentric,7,3.0,103486.0,268496.0,178575.0,252613.0,190290.0
2026-04-14 18:10:03.081999,784721,1609507696686314,5296655904,0.61488,-0.837408,-0.476288,10.395,-43.82,56.603752,11.088,25.2,-24.720001,concentric,7,3.0,75178.0,253564.0,144019.0,238916.0,155512.0
2026-04-14 18:10:03.084716,784722,1609507696695308,5296664654,0.61488,-0.837408,-0.476288,2.40625,-44.28375,57.4875,11.088,25.2,-24.720001,concentric,7,3.0,75178.0,253564.0,144019.0,238916.0,155512.0
2026-04-14 18:10:03.087442,784723,1609507696709965,5296679774,0.677344,-0.83936,-0.353312,2.73875,-44.16125,54.5125,11.424001,25.392002,-22.912,concentric,7,3.0,75178.0,253564.0,144019.0,238916.0,155512.0
2026-04-14 18:10:03.089973,784724,1609507696718947,5296688479,0.677344,-0.83936,-0.353312,11.75125,-42.98875,54.853752,11.424001,25.392002,-22.912,concentric,7,3.0,75178.0,253564.0,144019.0,238916.0,155512.0
2026-04-14 18:10:03.096199,784725,1609507696727866,5296697163,0.628544,-0.71248,-0.486048,24.77125,-41.53625,56.51625,12.088,25.352001,-23.048,concentric,7,3.0,75178.0,253564.0,144019.0,238916.0,155512.0
2026-04-14 18:10:03.109726,784726,1609507696742489,5296712099,0.413824,-0.749568,-0.447008,21.8225,-39.935,52.36875,13.744,25.608002,-22.640001,concentric,7,3.0,75178.0,253564.0,144019.0,238916.0,155512.0
2026-04-14 18:10:03.119936,784727,1609507696751602,5296720801,0.413824,-0.749568,-0.447008,18.165,-40.18,46.1825,13.744,25.608002,-22.640001,concentric,7,3.0,75178.0,253564.0,144019.0,238916.0,155512.0
2026-04-14 18:10:03.137140,784728,1609507696766116,5296735680,0.437248,-0.806176,-0.324032,12.20625,-39.64625,47.145,13.704,25.344002,-22.776001,concentric,7,3.0,75178.0,253564.0,144019.0,238916.0,155512.0
2026-04-14 18:10:03.143520,784729,1609507696775114,5296744450,0.437248,-0.806176,-0.324032,6.29125,-41.04625,50.54,13.704,25.344002,-22.776001,concentric,7,3.0,75178.0,253564.0,144019.0,238916.0,155512.0
2026-04-14 18:10:03.150883,784730,1609507696784100,5296753192,0.49776,-0.8784,-0.558272,6.01125,-40.8625,53.48875,14.656001,24.904001,-21.968,concentric,7,3.0,75178.0,253564.0,144019.0,238916.0,155512.0
2026-04-14 18:10:03.184810,784741,1609507696798724,5296768139,0.49776,-0.8784,-0.558272,3.465,-40.52125,53.0075,14.656001,24.904001,-21.968,concentric,7,3.0,64376.0,243170.0,129998.0,231026.0,141363.0
2026-04-14 18:10:03.187407,784742,1609507696807678,5296776938,0.417728,-0.735904,-0.407968,10.325,-40.3375,52.920002,16.352001,24.44,-22.776001,concentric,7,3.0,64376.0,243170.0,129998.0,231026.0,141363.0
2026-04-14 18:10:03.189842,784743,1609507696822218,5296791893,0.327936,-0.72224,-0.402112,13.886251,-41.01125,50.4875,16.352001,24.44,-21.784,concentric,7,3.0,64376.0,243170.0,129998.0,231026.0,141363.0
2026-04-14 18:10:03.223507,784744,1609507696831217,5296800596,0.327936,-0.72224,-0.402112,11.8125,-41.0725,50.68,16.664001,24.264002,-21.784,concentric,7,3.0,64376.0,243170.0,129998.0,231026.0,141363.0
2026-04-14 18:10:03.244743,784745,1609507696840286,5296809310,0.327936,-0.72224,-0.402112,0.6825,-41.5625,49.32375,16.664001,24.264002,-21.784,concentric,7,3.0,64376.0,243170.0,129998.0,231026.0,141363.0
2026-04-14 18:10:03.269820,784746,1609507696854774,5296824340,0.286944,-0.813984,-0.482144,-6.09875,-42.60375,47.39875,17.328001,24.04,-22.488,concentric,7,3.0,64376.0,243170.0,129998.0,231026.0,141363.0
2026-04-14 18:10:03.274668,784747,1609507696863718,5296833039,0.335744,-0.837408,-0.296704,-0.5775,-44.38,47.66125,17.768002,23.560001,-20.696001,concentric,7,3.0,64376.0,243170.0,129998.0,231026.0,141363.0
2026-04-14 18:10:03.280129,784748,1609507696878184,5296847964,0.335744,-0.837408,-0.296704,3.5525,-45.57875,47.11,17.768002,23.560001,-20.696001,concentric,7,3.0,64376.0,243170.0,129998.0,231026.0,141363.0
2026-04-14 18:10:03.307373,784759,1609507696887421,5296856735,0.40992,-0.85888,-0.329888,1.925,-46.7425,46.025,18.504002,23.496,-21.76,concentric,7,3.0,59043.0,238319.0,122554.0,225732.0,133424.0
2026-04-14 18:10:03.309974,784760,1609507696902099,5296871671,0.40992,-0.85888,-0.329888,-0.7,-46.66375,45.3775,18.504002,23.496,-21.76,concentric,7,3.0,59043.0,238319.0,122554.0,225732.0,133424.0
2026-04-14 18:10:03.312527,784761,1609507696911086,5296880466,0.347456,-0.860832,-0.347456,-2.03875,-45.395,43.46125,19.2,23.408,-21.36,concentric,7,3.0,59043.0,238319.0,122554.0,225732.0,133424.0
2026-04-14 18:10:03.316675,784762,1609507696920012,5296889202,0.347456,-0.860832,-0.347456,2.47625,-46.05125,41.37875,19.2,23.408,-21.36,concentric,7,3.0,59043.0,238319.0,122554.0,225732.0,133424.0
2026-04-14 18:10:03.316800,784763,1609507696934573,5296904160,0.27328,-0.847168,-0.540704,7.1575,-46.68125,43.56625,19.672,23.072,-21.464,concentric,7,3.0,59043.0,238319.0,122554.0,225732.0,133424.0
2026-04-14 18:10:03.320903,784764,1609507696943529,5296912855,0.244,-0.872544,-0.591456,3.5175,-46.96125,42.2275,20.320002,23.432001,-21.392,concentric,7,3.0,59043.0,238319.0,122554.0,225732.0,133424.0
2026-04-14 18:10:03.326064,784765,1609507696958080,5296927796,0.244,-0.872544,-0.591456,2.905,-46.34875,40.13625,20.320002,23.432001,-21.392,concentric,7,3.0,59043.0,238319.0,122554.0,225732.0,133424.0
2026-04-14 18:10:03.334625,784766,1609507696967008,5296936525,0.28304,-0.894016,-0.392352,1.1375,-44.6775,38.36,20.776001,22.808,-20.808,concentric,7,3.0,59043.0,238319.0,122554.0,225732.0,133424.0
2026-04-14 18:10:03.349875,784767,1609507696981494,5296951412,0.28304,-0.894016,-0.392352,-1.925,-44.94,37.6775,20.776001,22.808,-20.808,concentric,7,3.0,59043.0,238319.0,122554.0,225732.0,133424.0
