pc_time,serial_num,sensor_ts,host_ts,ax,ay,az,gx,gy,gz,mx,my,mz,phase,rpe,weight_kg,ppg_a,ppg_b,ppg_c,ppg_d,ppg_e,ppg_f,ppg_g,ppg_h,ppg_i,ppg_j
2026-05-06 15:54:04.278853,453727,1609505107768512,2707680892,-1.069696,0.138592,0.072224,-2.82625,-1.54,4.41,22.048,-52.824,-64.088005,concentric,3,5.0,23551.0,29591.0,58548.0,80010.0,22740.0,39011.0,23706.0,45966.0,15747.0,12568.0
2026-05-06 15:54:04.287674,453728,1609505107777447,2707689607,-1.069696,0.138592,0.072224,-3.56125,0.18375,3.85875,22.048,-52.824,-64.088005,concentric,3,5.0,23551.0,29591.0,58548.0,80010.0,22740.0,39011.0,23706.0,45966.0,15747.0,12568.0
2026-05-06 15:54:04.293705,453729,1609505107786412,2707698390,-1.08336,0.105408,0.06832,-7.86625,1.00625,1.81125,22.032001,-52.664,-64.920006,concentric,3,5.0,23551.0,29591.0,58548.0,80010.0,22740.0,39011.0,23706.0,45966.0,15747.0,12568.0
2026-05-06 15:54:04.309838,453730,1609505107800933,2707713319,-1.114592,0.122976,0.060512,-10.99,1.32125,1.30375,21.576,-53.632004,-64.296005,concentric,3,5.0,23551.0,29591.0,58548.0,80010.0,22740.0,39011.0,23706.0,45966.0,15747.0,12568.0
2026-05-06 15:54:04.337652,453741,1609505107809980,2707722087,-1.114592,0.122976,0.060512,-10.5525,2.21375,2.7125,21.576,-53.632004,-64.296005,concentric,3,5.0,23437.0,29459.0,58403.0,80005.0,22665.0,38859.0,23621.0,45989.0,15692.0,12513.0
2026-05-06 15:54:04.340225,453742,1609505107824730,2707737106,-1.0736,0.122976,0.05856,-11.27875,1.67125,2.84375,22.048,-54.344,-63.064003,concentric,3,5.0,23437.0,29459.0,58403.0,80005.0,22665.0,38859.0,23621.0,45989.0,15692.0,12513.0
2026-05-06 15:54:04.342517,453743,1609505107833658,2707745822,-1.0736,0.122976,0.05856,-10.73625,1.3825,3.40375,22.048,-54.344,-63.064003,concentric,3,5.0,23437.0,29459.0,58403.0,80005.0,22665.0,38859.0,23621.0,45989.0,15692.0,12513.0
2026-05-06 15:54:04.348770,453744,1609505107842736,2707754528,-1.087264,0.111264,0.072224,-8.58375,1.575,2.21375,21.52,-54.704002,-63.088,concentric,3,5.0,23437.0,29459.0,58403.0,80005.0,22665.0,38859.0,23621.0,45989.0,15692.0,12513.0
2026-05-06 15:54:04.375104,453745,1609505107857416,2707769462,-1.087264,0.111264,0.072224,-5.97625,0.98875,0.4725,21.52,-54.704002,-63.088,concentric,3,5.0,23437.0,29459.0,58403.0,80005.0,22665.0,38859.0,23621.0,45989.0,15692.0,12513.0
2026-05-06 15:54:04.377489,453746,1609505107866373,2707778239,-1.087264,0.142496,0.074176,-3.8325,1.05,0.3325,21.608002,-54.464,-65.312004,concentric,3,5.0,23437.0,29459.0,58403.0,80005.0,22665.0,38859.0,23621.0,45989.0,15692.0,12513.0
2026-05-06 15:54:04.391379,453747,1609505107880969,2707793183,-1.085312,0.179584,0.103456,-3.36875,0.9275,0.84875,21.232,-55.824,-62.776005,concentric,3,5.0,23437.0,29459.0,58403.0,80005.0,22665.0,38859.0,23621.0,45989.0,15692.0,12513.0
2026-05-06 15:54:04.397416,453748,1609505107889935,2707801883,-1.085312,0.179584,0.103456,-6.4925,0.595,-0.16625,21.232,-55.824,-62.776005,concentric,3,5.0,23437.0,29459.0,58403.0,80005.0,22665.0,38859.0,23621.0,45989.0,15692.0,12513.0
2026-05-06 15:54:04.478211,453759,1609505107904748,2707817511,-1.100928,0.150304,0.015616,-9.30125,0.46375,-2.28375,21.904001,-54.248,-62.832005,concentric,3,5.0,23441.0,29350.0,58114.0,80278.0,22654.0,38720.0,23498.0,46111.0,15687.0,12477.0
2026-05-06 15:54:04.498525,453760,1609505107913742,2707826229,-1.100928,0.150304,0.015616,-11.75125,2.02125,-3.36,21.904001,-54.248,-62.832005,concentric,3,5.0,23441.0,29350.0,58114.0,80278.0,22654.0,38720.0,23498.0,46111.0,15687.0,12477.0
2026-05-06 15:54:04.512571,453761,1609505107922676,2707835022,-1.116544,0.085888,0.01952,-13.3,1.12,-4.69875,22.096,-52.808002,-64.04,concentric,3,5.0,23441.0,29350.0,58114.0,80278.0,22654.0,38720.0,23498.0,46111.0,15687.0,12477.0
2026-05-06 15:54:04.515136,453762,1609505107937312,2707849962,-1.116544,0.085888,0.01952,-11.97,-0.16625,-4.83,22.096,-52.808002,-64.04,concentric,3,5.0,23441.0,29350.0,58114.0,80278.0,22654.0,38720.0,23498.0,46111.0,15687.0,12477.0
2026-05-06 15:54:04.517594,453763,1609505107946368,2707858715,-1.11264,0.05856,0.064416,-6.51875,0.70875,-3.745,22.160002,-54.304,-62.992004,concentric,3,5.0,23441.0,29350.0,58114.0,80278.0,22654.0,38720.0,23498.0,46111.0,15687.0,12477.0
2026-05-06 15:54:04.520108,453764,1609505107960887,2707873613,-1.130208,0.169824,0.105408,-0.245,1.44375,-1.42625,21.800001,-52.864002,-64.728004,concentric,3,5.0,23441.0,29350.0,58114.0,80278.0,22654.0,38720.0,23498.0,46111.0,15687.0,12477.0
2026-05-06 15:54:04.522547,453765,1609505107969873,2707882356,-1.130208,0.169824,0.105408,5.90625,3.07125,1.56625,21.800001,-52.864002,-64.728004,concentric,3,5.0,23441.0,29350.0,58114.0,80278.0,22654.0,38720.0,23498.0,46111.0,15687.0,12477.0
2026-05-06 15:54:04.525110,453766,1609505107978783,2707891176,-1.130208,0.169824,0.105408,8.05,3.29,3.745,21.800001,-52.864002,-64.728004,concentric,3,5.0,23441.0,29350.0,58114.0,80278.0,22654.0,38720.0,23498.0,46111.0,15687.0,12477.0
2026-05-06 15:54:04.527604,453767,1609505107993261,2707904047,-1.110688,0.251808,0.066368,4.235,3.35125,3.68375,21.944,-52.640003,-63.232002,concentric,3,5.0,23441.0,29350.0,58114.0,80278.0,22654.0,38720.0,23498.0,46111.0,15687.0,12477.0
2026-05-06 15:54:04.530099,453768,1609505108002488,2707914825,-1.124352,0.218624,0.025376,-1.79375,3.64,1.1375,21.880001,-54.016003,-63.120003,concentric,3,5.0,23441.0,29350.0,58114.0,80278.0,22654.0,38720.0,23498.0,46111.0,15687.0,12477.0
2026-05-06 15:54:04.585961,453779,1609505108017217,2707929861,-1.124352,0.218624,0.025376,-8.65375,4.235,-1.75,21.880001,-54.016003,-63.120003,concentric,3,5.0,23439.0,29555.0,58284.0,80661.0,22639.0,38887.0,23570.0,46247.0,15704.0,12548.0
2026-05-06 15:54:04.587541,453780,1609505108026177,2707938685,-1.136064,0.148352,0.035136,-14.5075,4.375,-4.2,22.032001,-52.752003,-64.232,concentric,3,5.0,23439.0,29555.0,58284.0,80661.0,22639.0,38887.0,23570.0,46247.0,15704.0,12548.0
2026-05-06 15:54:04.592597,453781,1609505108035400,2707947423,-1.136064,0.148352,0.035136,-15.91625,3.9025,-6.3175,22.032001,-52.752003,-64.232,concentric,3,5.0,23439.0,29555.0,58284.0,80661.0,22639.0,38887.0,23570.0,46247.0,15704.0,12548.0
2026-05-06 15:54:04.597561,453782,1609505108049939,2707962362,-1.124352,0.163968,0.062464,-9.40625,2.905,-5.94125,22.320002,-53.216003,-64.176,concentric,3,5.0,23439.0,29555.0,58284.0,80661.0,22639.0,38887.0,23570.0,46247.0,15704.0,12548.0
2026-05-06 15:54:04.600079,453783,1609505108058831,2707971057,-1.124352,0.163968,0.062464,-0.84875,2.75625,-4.9,22.320002,-53.216003,-64.176,concentric,3,5.0,23439.0,29555.0,58284.0,80661.0,22639.0,38887.0,23570.0,46247.0,15704.0,12548.0
2026-05-06 15:54:04.602491,453784,1609505108073409,2707986036,-1.098976,0.245952,0.11712,3.64875,2.42375,-5.46875,21.784,-52.608,-64.464005,concentric,3,5.0,23439.0,29555.0,58284.0,80661.0,22639.0,38887.0,23570.0,46247.0,15704.0,12548.0
2026-05-06 15:54:04.605064,453785,1609505108082488,2707994751,-1.108736,0.290848,0.076128,4.2,1.98625,-7.77875,22.432001,-52.376003,-64.576004,concentric,3,5.0,23439.0,29555.0,58284.0,80661.0,22639.0,38887.0,23570.0,46247.0,15704.0,12548.0
2026-05-06 15:54:04.607601,453786,1609505108097097,2708009672,-1.108736,0.290848,0.076128,2.10875,2.49375,-12.73125,22.432001,-52.376003,-64.576004,concentric,3,5.0,23439.0,29555.0,58284.0,80661.0,22639.0,38887.0,23570.0,46247.0,15704.0,12548.0
2026-05-06 15:54:04.641140,453798,1609505108106784,2708018838,-1.114592,0.236192,-0.005856,-3.77125,1.54,-18.82125,23.184002,-52.480003,-63.4,concentric,3,5.0,23453.0,29734.0,58159.0,81217.0,22695.0,39034.0,23491.0,46487.0,15713.0,12579.0
2026-05-06 15:54:04.643733,453799,1609505108115863,2708027645,-1.114592,0.236192,-0.005856,-7.805,1.37375,-22.3825,23.184002,-52.480003,-63.4,concentric,3,5.0,23453.0,29734.0,58159.0,81217.0,22695.0,39034.0,23491.0,46487.0,15713.0,12579.0
2026-05-06 15:54:04.646273,453800,1609505108130512,2708042621,-1.108736,0.187392,0.06832,-10.2375,0.105,-25.22625,23.536001,-53.792004,-63.224003,concentric,3,5.0,23453.0,29734.0,58159.0,81217.0,22695.0,39034.0,23491.0,46487.0,15713.0,12579.0
2026-05-06 15:54:04.648598,453801,1609505108139520,2708051486,-1.108736,0.187392,0.06832,-9.87875,-0.58625,-25.94375,23.536001,-53.792004,-63.224003,concentric,3,5.0,23453.0,29734.0,58159.0,81217.0,22695.0,39034.0,23491.0,46487.0,15713.0,12579.0
2026-05-06 15:54:04.655153,453802,1609505108148465,2708060264,-1.128256,0.183488,0.05856,-5.73125,0.2975,-25.62,24.056002,-53.528004,-64.592,concentric,3,5.0,23453.0,29734.0,58159.0,81217.0,22695.0,39034.0,23491.0,46487.0,15713.0,12579.0
2026-05-06 15:54:04.688868,453803,1609505108162946,2708075193,-1.108736,0.21472,0.105408,-0.56,1.07625,-26.74,24.328001,-51.704002,-64.904,concentric,3,5.0,23453.0,29734.0,58159.0,81217.0,22695.0,39034.0,23491.0,46487.0,15713.0,12579.0
2026-05-06 15:54:04.691375,453804,1609505108171867,2708083926,-1.108736,0.21472,0.105408,-0.84,2.17875,-26.97625,24.328001,-51.704002,-64.904,concentric,3,5.0,23453.0,29734.0,58159.0,81217.0,22695.0,39034.0,23491.0,46487.0,15713.0,12579.0
2026-05-06 15:54:04.693778,453805,1609505108186393,2708098859,-1.087264,0.228384,0.007808,-4.94375,3.4825,-26.775,24.800001,-50.544003,-64.536,concentric,3,5.0,23453.0,29734.0,58159.0,81217.0,22695.0,39034.0,23491.0,46487.0,15713.0,12579.0
2026-05-06 15:54:04.701390,453806,1609505108195605,2708107582,-1.087264,0.228384,0.007808,-6.86,4.4625,-29.435,24.800001,-50.544003,-64.536,concentric,3,5.0,23453.0,29734.0,58159.0,81217.0,22695.0,39034.0,23491.0,46487.0,15713.0,12579.0
2026-05-06 15:54:04.756541,453817,1609505108210291,2708122536,-1.138016,0.193248,0.021472,-4.96125,3.52625,-33.2675,25.448002,-52.280003,-63.760002,concentric,3,5.0,23539.0,29672.0,57624.0,81621.0,22784.0,38923.0,23186.0,46678.0,15764.0,12536.0
2026-05-06 15:54:04.762530,453818,1609505108219253,2708131286,-1.138016,0.193248,0.021472,-3.66625,2.10875,-36.16375,25.448002,-52.280003,-63.760002,concentric,3,5.0,23539.0,29672.0,57624.0,81621.0,22784.0,38923.0,23186.0,46678.0,15764.0,12536.0
2026-05-06 15:54:04.763710,453819,1609505108228222,2708140070,-1.124352,0.191296,0.05856,-4.20875,1.70625,-35.3325,26.096,-50.232002,-67.032005,concentric,3,5.0,23539.0,29672.0,57624.0,81621.0,22784.0,38923.0,23186.0,46678.0,15764.0,12536.0
2026-05-06 15:54:04.767966,453820,1609505108242737,2708155025,-1.106784,0.23424,0.121024,-3.61375,2.625,-34.58875,26.848001,-53.272003,-63.632004,concentric,3,5.0,23539.0,29672.0,57624.0,81621.0,22784.0,38923.0,23186.0,46678.0,15764.0,12536.0
2026-05-06 15:54:04.768841,453821,1609505108251695,2708163742,-1.106784,0.23424,0.121024,-6.1075,4.13875,-34.86,26.848001,-53.272003,-63.632004,concentric,3,5.0,23539.0,29672.0,57624.0,81621.0,22784.0,38923.0,23186.0,46678.0,15764.0,12536.0
2026-05-06 15:54:04.775011,453822,1609505108266325,2708178638,-1.179008,0.18544,-0.085888,-9.91375,4.2,-36.79375,27.736002,-49.512,-64.504005,concentric,3,5.0,23539.0,29672.0,57624.0,81621.0,22784.0,38923.0,23186.0,46678.0,15764.0,12536.0
2026-05-06 15:54:04.781320,453823,1609505108275406,2708187448,-1.179008,0.18544,-0.085888,-8.81125,3.94625,-40.39875,27.736002,-49.512,-64.504005,concentric,3,5.0,23539.0,29672.0,57624.0,81621.0,22784.0,38923.0,23186.0,46678.0,15764.0,12536.0
2026-05-06 15:54:04.789938,453824,1609505108284362,2708196267,-1.212192,0.13664,-0.00976,-5.64375,0.6475,-43.14625,27.808,-50.136,-63.832005,concentric,3,5.0,23539.0,29672.0,57624.0,81621.0,22784.0,38923.0,23186.0,46678.0,15764.0,12536.0
2026-05-06 15:54:04.805231,453825,1609505108298898,2708211179,-1.212192,0.13664,-0.00976,-3.26375,-0.79625,-41.982502,27.808,-50.136,-63.832005,concentric,3,5.0,23539.0,29672.0,57624.0,81621.0,22784.0,38923.0,23186.0,46678.0,15764.0,12536.0
2026-05-06 15:54:04.895146,453836,1609505108308284,2708220166,-1.221952,0.218624,0.13664,0.595,0.09625,-37.10875,29.048002,-48.392002,-65.152,concentric,3,5.0,23651.0,29519.0,56857.0,82176.0,22898.0,38752.0,22849.0,46989.0,15790.0,12465.0
2026-05-06 15:54:04.897693,453837,1609505108322965,2708235208,-1.204384,0.30256,0.244,2.42375,3.31625,-32.08625,29.312002,-48.4,-65.872,concentric,3,5.0,23651.0,29519.0,56857.0,82176.0,22898.0,38752.0,22849.0,46989.0,15790.0,12465.0
2026-05-06 15:54:04.900313,453838,1609505108331886,2708243901,-1.204384,0.30256,0.244,-1.3825,6.69375,-31.272501,29.312002,-48.4,-65.872,concentric,3,5.0,23651.0,29519.0,56857.0,82176.0,22898.0,38752.0,22849.0,46989.0,15790.0,12465.0
2026-05-06 15:54:04.905264,453839,1609505108340848,2708252638,-1.204384,0.30256,0.244,-10.57,6.41375,-34.72875,29.312002,-48.4,-65.872,concentric,3,5.0,23651.0,29519.0,56857.0,82176.0,22898.0,38752.0,22849.0,46989.0,15790.0,12465.0
2026-05-06 15:54:04.907713,453840,1609505108355423,2708267585,-1.22,0.167872,-0.0976,-15.79375,5.46,-37.09125,29.776001,-49.320004,-64.616005,concentric,3,5.0,23651.0,29519.0,56857.0,82176.0,22898.0,38752.0,22849.0,46989.0,15790.0,12465.0
2026-05-06 15:54:04.910168,453841,1609505108364324,2708276368,-1.2688,0.070272,0.011712,-19.425,1.4,-37.70375,30.344002,-47.312004,-65.07201,concentric,3,5.0,23651.0,29519.0,56857.0,82176.0,22898.0,38752.0,22849.0,46989.0,15790.0,12465.0
2026-05-06 15:54:04.912857,453842,1609505108378988,2708291274,-1.2688,0.070272,0.011712,-20.85125,-1.95125,-34.2475,30.344002,-47.312004,-65.07201,concentric,3,5.0,23651.0,29519.0,56857.0,82176.0,22898.0,38752.0,22849.0,46989.0,15790.0,12465.0
2026-05-06 15:54:04.915286,453843,1609505108387951,2708300040,-1.235616,0.206912,0.113216,-8.19,-1.63625,-24.85875,30.664001,-47.072002,-65.272,concentric,3,5.0,23651.0,29519.0,56857.0,82176.0,22898.0,38752.0,22849.0,46989.0,15790.0,12465.0
2026-05-06 15:54:04.917766,453844,1609505108402646,2708314957,-1.235616,0.347456,0.13664,7.21,1.33875,-17.91125,30.664001,-47.072002,-65.272,concentric,3,5.0,23651.0,29519.0,56857.0,82176.0,22898.0,38752.0,22849.0,46989.0,15790.0,12465.0
2026-05-06 15:54:04.945599,453855,1609505108411758,2708323760,-1.143872,0.357216,0.13664,11.4975,3.22875,-18.08625,31.208002,-46.352,-65.872,concentric,3,5.0,23435.0,29176.0,56631.0,82235.0,22684.0,38435.0,22744.0,47015.0,15666.0,12316.0
2026-05-06 15:54:04.947545,453856,1609505108420842,2708332583,-1.143872,0.357216,0.13664,2.2575,5.76625,-22.42625,31.208002,-46.352,-65.872,concentric,3,5.0,23435.0,29176.0,56631.0,82235.0,22684.0,38435.0,22744.0,47015.0,15666.0,12316.0
2026-05-06 15:54:04.950432,453857,1609505108435338,2708347617,-1.138016,0.339648,0.042944,-10.3775,10.64875,-30.45875,31.864002,-46.280003,-66.192,concentric,3,5.0,23435.0,29176.0,56631.0,82235.0,22684.0,38435.0,22744.0,47015.0,15666.0,12316.0
2026-05-06 15:54:04.954269,453858,1609505108444286,2708356354,-1.233664,0.23424,-0.044896,-23.03875,13.69375,-38.675,32.008003,-47.112003,-64.48,concentric,3,5.0,23435.0,29176.0,56631.0,82235.0,22684.0,38435.0,22744.0,47015.0,15666.0,12316.0
2026-05-06 15:54:04.966372,453859,1609505108458860,2708371263,-1.233664,0.23424,-0.044896,-30.68625,14.41125,-43.732502,32.008003,-47.112003,-64.48,concentric,3,5.0,23435.0,29176.0,56631.0,82235.0,22684.0,38435.0,22744.0,47015.0,15666.0,12316.0
2026-05-06 15:54:04.975118,453860,1609505108467781,2708380053,-1.192672,0.160064,-0.03904,-27.65875,12.6525,-44.73,32.664,-44.824,-65.48,concentric,3,5.0,23435.0,29176.0,56631.0,82235.0,22684.0,38435.0,22744.0,47015.0,15666.0,12316.0
2026-05-06 15:54:04.983859,453861,1609505108476706,2708388777,-1.192672,0.160064,-0.03904,-22.72375,8.68875,-41.22125,32.664,-44.824,-65.48,concentric,3,5.0,23435.0,29176.0,56631.0,82235.0,22684.0,38435.0,22744.0,47015.0,15666.0,12316.0
2026-05-06 15:54:05.010131,453862,1609505108491214,2708403675,-1.130208,0.142496,0.0,-19.99375,6.5975,-38.92875,33.304,-44.944,-65.592,concentric,3,5.0,23435.0,29176.0,56631.0,82235.0,22684.0,38435.0,22744.0,47015.0,15666.0,12316.0
2026-05-06 15:54:05.012777,453863,1609505108500152,2708412419,-1.130208,0.142496,0.0,-15.505,8.46125,-37.14375,33.304,-44.944,-65.592,concentric,3,5.0,23435.0,29176.0,56631.0,82235.0,22684.0,38435.0,22744.0,47015.0,15666.0,12316.0
2026-05-06 15:54:05.040243,453874,1609505108514730,2708427435,-1.165344,0.21472,-0.013664,-12.792501,10.43875,-36.05,33.352,-44.376003,-65.832,concentric,3,5.0,24394.0,29815.0,55692.0,83639.0,23623.0,39054.0,22351.0,47780.0,16253.0,12569.0
2026-05-06 15:54:05.046238,453875,1609505108523733,2708436273,-1.196576,0.25376,-0.0488,-7.7175,12.915,-35.81375,33.352,-44.376003,-63.552002,concentric,3,5.0,24394.0,29815.0,55692.0,83639.0,23623.0,39054.0,22351.0,47780.0,16253.0,12569.0
2026-05-06 15:54:05.046646,453876,1609505108538350,2708449182,-1.20048,0.25376,-0.0488,-4.725,14.595,-37.8175,34.088,-46.248,-63.552002,concentric,3,5.0,24394.0,29815.0,55692.0,83639.0,23623.0,39054.0,22351.0,47780.0,16253.0,12569.0
2026-05-06 15:54:05.058968,453877,1609505108547844,2708459975,-1.182912,0.191296,-0.064416,-7.83125,12.74875,-41.615,34.408,-46.408,-63.968002,concentric,3,5.0,24394.0,29815.0,55692.0,83639.0,23623.0,39054.0,22351.0,47780.0,16253.0,12569.0
2026-05-06 15:54:05.062587,453878,1609505108556864,2708468766,-1.182912,0.191296,-0.064416,-14.1575,7.28875,-45.08875,34.408,-46.408,-63.968002,concentric,3,5.0,24394.0,29815.0,55692.0,83639.0,23623.0,39054.0,22351.0,47780.0,16253.0,12569.0
2026-05-06 15:54:05.096310,453879,1609505108571376,2708483686,-1.118496,0.072224,-0.03904,-21.70875,3.98125,-46.68125,35.16,-44.04,-65.048004,concentric,3,5.0,24394.0,29815.0,55692.0,83639.0,23623.0,39054.0,22351.0,47780.0,16253.0,12569.0
2026-05-06 15:54:05.098684,453880,1609505108580312,2708492378,-1.118496,0.072224,-0.03904,-31.885,4.96125,-44.9575,35.16,-44.04,-65.048004,concentric,3,5.0,24394.0,29815.0,55692.0,83639.0,23623.0,39054.0,22351.0,47780.0,16253.0,12569.0
2026-05-06 15:54:05.101224,453881,1609505108594784,2708507270,-1.114592,0.08784,0.11712,-34.763752,8.21625,-41.1425,35.656002,-41.88,-65.528,concentric,3,5.0,24394.0,29815.0,55692.0,83639.0,23623.0,39054.0,22351.0,47780.0,16253.0,12569.0
2026-05-06 15:54:05.113770,453882,1609505108603714,2708515990,-1.114592,0.08784,0.11712,-27.32625,14.175,-39.69875,35.656002,-41.88,-65.528,concentric,3,5.0,24394.0,29815.0,55692.0,83639.0,23623.0,39054.0,22351.0,47780.0,16253.0,12569.0
2026-05-06 15:54:05.141443,453893,1609505108612827,2708524779,-1.100928,0.124928,-0.056608,-18.2525,18.9,-40.25875,36.064003,-42.064003,-64.520004,concentric,3,5.0,24670.0,29934.0,55377.0,83535.0,23889.0,39204.0,22263.0,47786.0,16431.0,12611.0
2026-05-06 15:54:05.143990,453894,1609505108627424,2708539762,-1.079456,0.074176,-0.148352,-14.23625,18.83,-41.685,36.416,-42.304,-64.824005,concentric,3,5.0,24670.0,29934.0,55377.0,83535.0,23889.0,39204.0,22263.0,47786.0,16431.0,12611.0
2026-05-06 15:54:05.146457,453895,1609505108636461,2708548495,-1.079456,0.074176,-0.148352,-18.2175,16.42375,-43.8025,36.416,-42.304,-64.824005,concentric,3,5.0,24670.0,29934.0,55377.0,83535.0,23889.0,39204.0,22263.0,47786.0,16431.0,12611.0
2026-05-06 15:54:05.160095,453896,1609505108651102,2708563429,-1.061888,0.042944,0.021472,-20.97375,15.9075,-44.21375,36.864002,-41.536003,-65.128006,concentric,3,5.0,24670.0,29934.0,55377.0,83535.0,23889.0,39204.0,22263.0,47786.0,16431.0,12611.0
2026-05-06 15:54:05.166569,453897,1609505108660006,2708572137,-1.061888,0.042944,0.021472,-20.78125,16.0825,-44.49375,36.864002,-41.536003,-65.128006,concentric,3,5.0,24670.0,29934.0,55377.0,83535.0,23889.0,39204.0,22263.0,47786.0,16431.0,12611.0
2026-05-06 15:54:05.205332,453898,1609505108674498,2708587052,-1.046272,0.105408,0.046848,-17.87625,19.17125,-43.93375,37.568,-39.464,-66.576004,concentric,3,5.0,24670.0,29934.0,55377.0,83535.0,23889.0,39204.0,22263.0,47786.0,16431.0,12611.0
2026-05-06 15:54:05.230070,453899,1609505108683400,2708595868,-1.046272,0.105408,0.046848,-10.9725,20.895,-44.1875,37.568,-39.464,-66.576004,concentric,3,5.0,24670.0,29934.0,55377.0,83535.0,23889.0,39204.0,22263.0,47786.0,16431.0,12611.0
2026-05-06 15:54:05.255106,453900,1609505108692318,2708604570,-0.999424,0.072224,-0.154208,-9.49375,21.805,-46.55875,38.096,-38.768,-66.80801,concentric,3,5.0,24670.0,29934.0,55377.0,83535.0,23889.0,39204.0,22263.0,47786.0,16431.0,12611.0
2026-05-06 15:54:05.272627,453901,1609505108706864,2708619547,-1.050176,-0.01952,-0.103456,-14.2975,20.51,-49.6475,38.120003,-38.256,-65.28001,concentric,3,5.0,24670.0,29934.0,55377.0,83535.0,23889.0,39204.0,22263.0,47786.0,16431.0,12611.0
2026-05-06 15:54:05.302487,453912,1609505108716035,2708628300,-1.050176,-0.01952,-0.103456,-16.38,17.9725,-51.03875,38.120003,-38.256,-65.28001,concentric,3,5.0,25157.0,30377.0,55479.0,83699.0,24330.0,39632.0,22339.0,47904.0,16688.0,12802.0
2026-05-06 15:54:05.304971,453913,1609505108730598,2708643272,-1.032608,-0.060512,-0.0488,-11.75125,15.225,-50.47,38.648003,-37.36,-66.952,concentric,3,5.0,25157.0,30377.0,55479.0,83699.0,24330.0,39632.0,22339.0,47904.0,16688.0,12802.0
2026-05-06 15:54:05.307478,453914,1609505108739648,2708651970,-1.032608,-0.060512,-0.0488,-9.94,14.62125,-47.80125,38.648003,-37.36,-66.952,concentric,3,5.0,25157.0,30377.0,55479.0,83699.0,24330.0,39632.0,22339.0,47904.0,16688.0,12802.0
2026-05-06 15:54:05.312463,453915,1609505108748629,2708660673,-0.991616,0.0488,0.03904,-3.68375,14.70875,-42.07,38.912003,-36.56,-67.392006,concentric,3,5.0,25157.0,30377.0,55479.0,83699.0,24330.0,39632.0,22339.0,47904.0,16688.0,12802.0
2026-05-06 15:54:05.316187,453916,1609505108763134,2708675589,-0.991616,0.0488,0.03904,2.2575,15.37375,-39.3925,38.912003,-36.56,-67.392006,concentric,3,5.0,25157.0,30377.0,55479.0,83699.0,24330.0,39632.0,22339.0,47904.0,16688.0,12802.0
2026-05-06 15:54:05.321175,453917,1609505108772101,2708684308,-0.98576,0.076128,-0.076128,8.26,17.28125,-40.17125,39.248,-36.136,-67.976006,concentric,3,5.0,25157.0,30377.0,55479.0,83699.0,24330.0,39632.0,22339.0,47904.0,16688.0,12802.0
2026-05-06 15:54:05.322673,453918,1609505108786783,2708699385,-1.040416,0.013664,-0.027328,6.195,15.47875,-43.05875,39.688004,-37.280003,-67.768005,concentric,3,5.0,25157.0,30377.0,55479.0,83699.0,24330.0,39632.0,22339.0,47904.0,16688.0,12802.0
2026-05-06 15:54:05.324108,453919,1609505108795725,2708708133,-1.040416,0.013664,-0.027328,-6.20375,12.95,-44.5375,39.688004,-37.280003,-67.768005,concentric,3,5.0,25157.0,30377.0,55479.0,83699.0,24330.0,39632.0,22339.0,47904.0,16688.0,12802.0
2026-05-06 15:54:05.356574,453930,1609505108810488,2708723240,-1.032608,-0.005856,-0.013664,-15.6975,11.1125,-42.44625,39.752003,-36.808002,-66.864006,concentric,3,5.0,25186.0,30233.0,55725.0,83532.0,24378.0,39541.0,22435.0,47858.0,16698.0,12755.0
2026-05-06 15:54:05.358952,453931,1609505108819537,2708732049,-1.032608,-0.005856,-0.013664,-21.11375,11.12125,-41.58875,39.752003,-36.808002,-66.864006,concentric,3,5.0,25186.0,30233.0,55725.0,83532.0,24378.0,39541.0,22435.0,47858.0,16698.0,12755.0
2026-05-06 15:54:05.361289,453932,1609505108828563,2708740804,-1.01504,0.0488,0.001952,-15.30375,10.99,-38.82375,40.216003,-34.584003,-68.312004,concentric,3,5.0,25186.0,30233.0,55725.0,83532.0,24378.0,39541.0,22435.0,47858.0,16698.0,12755.0
2026-05-06 15:54:05.363918,453933,1609505108843127,2708755881,-1.01504,0.0488,0.001952,-8.785,9.073751,-37.695,40.216003,-34.584003,-68.312004,concentric,3,5.0,25186.0,30233.0,55725.0,83532.0,24378.0,39541.0,22435.0,47858.0,16698.0,12755.0
2026-05-06 15:54:05.366613,453934,1609505108852060,2708764582,-0.983808,-0.052704,-0.163968,-13.9125,6.755,-35.34125,40.536003,-34.432003,-68.296005,concentric,3,5.0,25186.0,30233.0,55725.0,83532.0,24378.0,39541.0,22435.0,47858.0,16698.0,12755.0
2026-05-06 15:54:05.372759,453935,1609505108866587,2708777468,-0.997472,-0.236192,-0.191296,-23.3275,3.12375,-32.27,40.536003,-33.968002,-68.784004,concentric,3,5.0,25186.0,30233.0,55725.0,83532.0,24378.0,39541.0,22435.0,47858.0,16698.0,12755.0
2026-05-06 15:54:05.386295,453936,1609505108875949,2708788305,-0.997472,-0.236192,-0.191296,-30.2575,-2.26625,-30.817501,40.752003,-33.968002,-68.784004,concentric,3,5.0,25186.0,30233.0,55725.0,83532.0,24378.0,39541.0,22435.0,47858.0,16698.0,12755.0
2026-05-06 15:54:05.392504,453937,1609505108884863,2708797070,-0.997472,-0.236192,-0.191296,-28.4375,-10.43875,-28.07,40.752003,-33.968002,-68.784004,concentric,3,5.0,25186.0,30233.0,55725.0,83532.0,24378.0,39541.0,22435.0,47858.0,16698.0,12755.0
2026-05-06 15:54:05.406383,453938,1609505108899441,2708811985,-1.026752,-0.20496,-0.035136,-7.28875,-12.075,-20.39625,40.792004,-33.624,-67.592,concentric,3,5.0,25186.0,30233.0,55725.0,83532.0,24378.0,39541.0,22435.0,47858.0,16698.0,12755.0
2026-05-06 15:54:05.419393,453939,1609505108908397,2708820721,-0.940864,-0.089792,0.040992,17.84125,-12.635,-13.265,40.824,-33.36,-66.76,concentric,3,5.0,25186.0,30233.0,55725.0,83532.0,24378.0,39541.0,22435.0,47858.0,16698.0,12755.0
2026-05-06 15:54:05.447710,453950,1609505108923016,2708835706,-0.940864,-0.089792,0.040992,28.5075,-12.78375,-6.58875,40.824,-33.36,-66.76,concentric,3,5.0,24954.0,29880.0,55771.0,83057.0,24124.0,39232.0,22461.0,47624.0,16559.0,12595.0
2026-05-06 15:54:05.450216,453951,1609505108931997,2708844465,-0.8784,0.003904,-0.01952,32.26125,-11.55,-0.74375,41.064003,-35.776,-67.056,concentric,3,5.0,24954.0,29880.0,55771.0,83057.0,24124.0,39232.0,22461.0,47624.0,16559.0,12595.0
2026-05-06 15:54:05.452699,453952,1609505108940955,2708853219,-0.8784,0.003904,-0.01952,26.425,-9.6425,0.56,41.064003,-35.776,-67.056,concentric,3,5.0,24954.0,29880.0,55771.0,83057.0,24124.0,39232.0,22461.0,47624.0,16559.0,12595.0
2026-05-06 15:54:05.466451,453953,1609505108955600,2708868346,-1.001376,-0.011712,-0.081984,13.405,-6.3525,-1.74125,40.664,-34.824,-66.880005,concentric,3,5.0,24954.0,29880.0,55771.0,83057.0,24124.0,39232.0,22461.0,47624.0,16559.0,12595.0
2026-05-06 15:54:05.472743,453954,1609505108964520,2708877040,-1.001376,-0.011712,-0.081984,2.345,-6.90375,-7.93625,40.664,-34.824,-66.880005,concentric,3,5.0,24954.0,29880.0,55771.0,83057.0,24124.0,39232.0,22461.0,47624.0,16559.0,12595.0
2026-05-06 15:54:05.486549,453955,1609505108979044,2708889898,-1.022848,-0.134688,-0.005856,1.49625,-8.05,-12.18,40.616,-34.52,-67.136,concentric,3,5.0,24954.0,29880.0,55771.0,83057.0,24124.0,39232.0,22461.0,47624.0,16559.0,12595.0
2026-05-06 15:54:05.495176,453956,1609505108988453,2708900754,-0.89792,-0.130784,0.0976,4.095,-10.92875,-9.33625,40.760002,-34.768,-66.4,concentric,3,5.0,24954.0,29880.0,55771.0,83057.0,24124.0,39232.0,22461.0,47624.0,16559.0,12595.0
2026-05-06 15:54:05.518811,453957,1609505109002955,2708915663,-0.89792,-0.130784,0.0976,5.71375,-8.77625,-0.665,40.760002,-34.768,-66.4,concentric,3,5.0,24954.0,29880.0,55771.0,83057.0,24124.0,39232.0,22461.0,47624.0,16559.0,12595.0
2026-05-06 15:54:05.546158,453968,1609505109012272,2708924421,-0.909632,-0.064416,0.03904,7.175,-1.33875,8.05875,40.800003,-33.528,-68.608,concentric,3,5.0,25151.0,30163.0,56170.0,83189.0,24311.0,39606.0,22690.0,47697.0,16710.0,12789.0
2026-05-06 15:54:05.548714,453969,1609505109021327,2708933189,-0.909632,-0.064416,0.03904,7.11375,3.2025,8.28625,40.800003,-33.528,-68.608,concentric,3,5.0,25151.0,30163.0,56170.0,83189.0,24311.0,39606.0,22690.0,47697.0,16710.0,12789.0
2026-05-06 15:54:05.551361,453970,1609505109035875,2708948242,-1.011136,-0.076128,-0.062464,6.475,5.22375,1.61,40.096,-36.384003,-66.208,concentric,3,5.0,25151.0,30163.0,56170.0,83189.0,24311.0,39606.0,22690.0,47697.0,16710.0,12789.0
2026-05-06 15:54:05.576275,453971,1609505109044826,2708956963,-1.011136,-0.076128,-0.062464,5.38125,1.67125,-3.0275,40.096,-36.384003,-66.208,concentric,3,5.0,25151.0,30163.0,56170.0,83189.0,24311.0,39606.0,22690.0,47697.0,16710.0,12789.0
2026-05-06 15:54:05.602688,453972,1609505109059331,2708971902,-0.950624,-0.099552,-0.121024,7.86625,-4.36625,-1.02375,40.176003,-36.744003,-66.816,concentric,3,5.0,25151.0,30163.0,56170.0,83189.0,24311.0,39606.0,22690.0,47697.0,16710.0,12789.0
2026-05-06 15:54:05.607502,453973,1609505109068300,2708980564,-0.854976,-0.169824,0.080032,10.0975,-9.9575,6.02875,40.264004,-33.448,-67.44,concentric,3,5.0,25151.0,30163.0,56170.0,83189.0,24311.0,39606.0,22690.0,47697.0,16710.0,12789.0
2026-05-06 15:54:05.609841,453974,1609505109077254,2708989277,-0.854976,-0.169824,0.080032,4.61125,-12.17125,10.57875,40.264004,-33.448,-67.44,concentric,3,5.0,25151.0,30163.0,56170.0,83189.0,24311.0,39606.0,22690.0,47697.0,16710.0,12789.0
2026-05-06 15:54:05.612420,453975,1609505109091762,2709004170,-0.845216,-0.054656,0.122976,-5.18875,-7.93625,11.585,40.392002,-33.392002,-68.736,concentric,3,5.0,25151.0,30163.0,56170.0,83189.0,24311.0,39606.0,22690.0,47697.0,16710.0,12789.0
2026-05-06 15:54:05.614850,453976,1609505109100692,2709012901,-0.845216,-0.054656,0.122976,-3.29875,-1.53125,14.06125,40.392002,-33.392002,-68.736,concentric,3,5.0,25151.0,30163.0,56170.0,83189.0,24311.0,39606.0,22690.0,47697.0,16710.0,12789.0
2026-05-06 15:54:05.646499,453987,1609505109115693,2709027912,-0.847168,0.035136,-0.06832,7.105,2.02125,15.77625,39.968002,-35.232002,-67.288,concentric,3,5.0,25344.0,30302.0,56422.0,83265.0,24428.0,39651.0,22784.0,47737.0,16765.0,12850.0
2026-05-06 15:54:05.649133,453988,1609505109124778,2709036678,-0.847168,0.035136,-0.06832,9.03,-1.54875,11.698751,39.968002,-35.232002,-67.288,concentric,3,5.0,25344.0,30302.0,56422.0,83265.0,24428.0,39651.0,22784.0,47737.0,16765.0,12850.0
2026-05-06 15:54:05.651470,453989,1609505109133869,2709045416,-0.903776,-0.033184,-0.091744,8.60125,-5.83625,7.4025,39.624,-36.024002,-67.536,concentric,3,5.0,25344.0,30302.0,56422.0,83265.0,24428.0,39651.0,22784.0,47737.0,16765.0,12850.0
2026-05-06 15:54:05.653909,453990,1609505109148422,2709060412,-0.872544,-0.167872,0.113216,5.03125,-8.67125,6.18625,39.624,-36.024002,-70.392006,concentric,3,5.0,25344.0,30302.0,56422.0,83265.0,24428.0,39651.0,22784.0,47737.0,16765.0,12850.0
2026-05-06 15:54:05.667675,453991,1609505109157626,2709069142,-0.872544,-0.167872,0.113216,-7.7525,-9.12625,5.1275,40.096,-34.0,-70.392006,concentric,3,5.0,25344.0,30302.0,56422.0,83265.0,24428.0,39651.0,22784.0,47737.0,16765.0,12850.0
2026-05-06 15:54:05.681269,453992,1609505109172128,2709084030,-0.843264,-0.060512,0.050752,-10.71875,-5.80125,8.5925,39.280003,-35.800003,-67.36,concentric,3,5.0,25344.0,30302.0,56422.0,83265.0,24428.0,39651.0,22784.0,47737.0,16765.0,12850.0
2026-05-06 15:54:05.687515,453993,1609505109181057,2709092834,-0.843264,-0.060512,0.050752,-1.33,-2.73875,15.1025,39.280003,-35.800003,-67.36,concentric,3,5.0,25344.0,30302.0,56422.0,83265.0,24428.0,39651.0,22784.0,47737.0,16765.0,12850.0
2026-05-06 15:54:05.696340,453994,1609505109189986,2709101592,-0.874496,0.046848,-0.076128,7.48125,-1.51375,18.375,39.296,-37.04,-67.048004,concentric,3,5.0,25344.0,30302.0,56422.0,83265.0,24428.0,39651.0,22784.0,47737.0,16765.0,12850.0
2026-05-06 15:54:05.731373,453995,1609505109204592,2709116567,-0.874496,0.046848,-0.076128,10.19375,-3.29,15.56625,39.296,-37.04,-67.048004,eccentric,3,5.0,25344.0,30302.0,56422.0,83265.0,24428.0,39651.0,22784.0,47737.0,16765.0,12850.0
2026-05-06 15:54:05.758548,454006,1609505109213725,2709125512,-0.938912,0.003904,-0.07808,9.12625,-6.1075,10.7275,39.552002,-35.304,-68.336006,eccentric,3,5.0,25817.0,30650.0,56153.0,83767.0,24722.0,39972.0,22715.0,47965.0,16959.0,13017.0
2026-05-06 15:54:05.761139,454007,1609505109228321,2709140459,-0.938912,0.003904,-0.07808,4.7075,-5.81875,9.52875,39.552002,-35.304,-68.336006,eccentric,3,5.0,25817.0,30650.0,56153.0,83767.0,24722.0,39972.0,22715.0,47965.0,16959.0,13017.0
2026-05-06 15:54:05.763485,454008,1609505109237400,2709149159,-0.95648,-0.01952,0.111264,-3.98125,-4.48875,11.45375,39.152,-34.648003,-70.16,eccentric,3,5.0,25817.0,30650.0,56153.0,83767.0,24722.0,39972.0,22715.0,47965.0,16959.0,13017.0
2026-05-06 15:54:05.766044,454009,1609505109251976,2709164127,-0.933056,0.0,0.005856,-9.205,-1.47,13.667501,39.376003,-35.432003,-68.520004,eccentric,3,5.0,25817.0,30650.0,56153.0,83767.0,24722.0,39972.0,22715.0,47965.0,16959.0,13017.0
2026-05-06 15:54:05.768495,454010,1609505109260939,2709172902,-0.933056,0.0,0.005856,-5.355,2.59,14.9975,39.376003,-35.432003,-68.520004,eccentric,3,5.0,25817.0,30650.0,56153.0,83767.0,24722.0,39972.0,22715.0,47965.0,16959.0,13017.0
2026-05-06 15:54:05.776027,454011,1609505109269887,2709181664,-0.964288,-0.013664,-0.085888,-3.24625,3.64,13.92125,39.056004,-36.136,-65.376,eccentric,3,5.0,25817.0,30650.0,56153.0,83767.0,24722.0,39972.0,22715.0,47965.0,16959.0,13017.0
2026-05-06 15:54:05.810125,454012,1609505109284375,2709196657,-0.964288,-0.013664,-0.085888,-1.12875,3.07125,12.31125,39.056004,-36.136,-65.376,eccentric,3,5.0,25817.0,30650.0,56153.0,83767.0,24722.0,39972.0,22715.0,47965.0,16959.0,13017.0
2026-05-06 15:54:05.812866,454013,1609505109293301,2709205361,-1.061888,-0.017568,-0.05856,2.4675,1.26,11.94375,38.800003,-36.064003,-68.408005,eccentric,3,5.0,25817.0,30650.0,56153.0,83767.0,24722.0,39972.0,22715.0,47965.0,16959.0,13017.0
2026-05-06 15:54:05.815087,454014,1609505109307930,2709220301,-1.061888,-0.017568,-0.05856,3.63125,1.14625,13.30875,38.800003,-36.064003,-68.408005,eccentric,3,5.0,25817.0,30650.0,56153.0,83767.0,24722.0,39972.0,22715.0,47965.0,16959.0,13017.0
2026-05-06 15:54:05.871410,454025,1609505109317141,2709229035,-1.056032,0.011712,0.060512,5.55625,1.47,17.6575,38.856003,-35.952003,-68.384,eccentric,3,5.0,26639.0,31263.0,55213.0,85208.0,25385.0,40599.0,22292.0,48651.0,17373.0,13310.0
2026-05-06 15:54:05.873942,454026,1609505109326115,2709237829,-1.056032,0.011712,0.060512,4.55,0.28,20.32625,38.856003,-35.952003,-68.384,eccentric,3,5.0,26639.0,31263.0,55213.0,85208.0,25385.0,40599.0,22292.0,48651.0,17373.0,13310.0
2026-05-06 15:54:05.876422,454027,1609505109340617,2709252747,-0.98576,0.021472,-0.01952,-2.3275,1.365,21.3325,39.024002,-36.448,-67.856,eccentric,3,5.0,26639.0,31263.0,55213.0,85208.0,25385.0,40599.0,22292.0,48651.0,17373.0,13310.0
2026-05-06 15:54:05.878992,454028,1609505109349731,2709261496,-0.98576,0.021472,-0.044896,-5.145,1.98625,20.93,39.024002,-36.448,-67.856,eccentric,3,5.0,26639.0,31263.0,55213.0,85208.0,25385.0,40599.0,22292.0,48651.0,17373.0,13310.0
2026-05-06 15:54:05.883922,454029,1609505109364233,2709276537,-1.007232,0.040992,-0.044896,-6.09875,3.82375,18.8475,38.232002,-39.448,-63.968002,eccentric,3,5.0,26639.0,31263.0,55213.0,85208.0,25385.0,40599.0,22292.0,48651.0,17373.0,13310.0
2026-05-06 15:54:05.884433,454030,1609505109373189,2709285261,-1.01504,0.037088,-0.015616,-1.6975,5.24125,18.0425,37.432003,-40.184002,-65.848,eccentric,3,5.0,26639.0,31263.0,55213.0,85208.0,25385.0,40599.0,22292.0,48651.0,17373.0,13310.0
2026-05-06 15:54:05.897574,454031,1609505109387874,2709300246,-1.01504,0.037088,-0.015616,-1.3475,7.27125,19.53875,37.432003,-40.184002,-65.848,eccentric,3,5.0,26639.0,31263.0,55213.0,85208.0,25385.0,40599.0,22292.0,48651.0,17373.0,13310.0
2026-05-06 15:54:05.903838,454032,1609505109396853,2709308952,-0.968192,0.035136,-0.072224,-7.98,6.02,22.09375,37.72,-37.848003,-67.096,eccentric,3,5.0,26639.0,31263.0,55213.0,85208.0,25385.0,40599.0,22292.0,48651.0,17373.0,13310.0
2026-05-06 15:54:05.912572,454033,1609505109405749,2709317662,-0.968192,0.035136,-0.072224,-14.21,5.215,23.8,37.72,-37.848003,-67.096,eccentric,3,5.0,26639.0,31263.0,55213.0,85208.0,25385.0,40599.0,22292.0,48651.0,17373.0,13310.0
2026-05-06 15:54:05.992425,454044,1609505109420515,2709332925,-1.007232,0.01952,-0.02928,-13.29125,5.46,22.7325,37.920002,-38.320004,-67.536,eccentric,3,5.0,27003.0,31606.0,54945.0,85906.0,25698.0,40931.0,22178.0,49008.0,17552.0,13461.0
2026-05-06 15:54:05.995042,454045,1609505109429602,2709341685,-1.007232,0.01952,-0.02928,-8.8725,5.62625,18.41875,37.920002,-38.320004,-67.536,eccentric,3,5.0,27003.0,31606.0,54945.0,85906.0,25698.0,40931.0,22178.0,49008.0,17552.0,13461.0
2026-05-06 15:54:05.997566,454046,1609505109444084,2709356643,-0.993568,0.046848,0.011712,-4.41,7.48125,18.52375,37.4,-38.648003,-67.536,eccentric,3,5.0,27003.0,31606.0,54945.0,85906.0,25698.0,40931.0,22178.0,49008.0,17552.0,13461.0
2026-05-06 15:54:06.000087,454047,1609505109453147,2709365344,-1.011136,0.128832,-0.037088,-2.65125,8.417501,21.6125,37.352,-38.976,-67.424,eccentric,3,5.0,27003.0,31606.0,54945.0,85906.0,25698.0,40931.0,22178.0,49008.0,17552.0,13461.0
2026-05-06 15:54:06.002584,454048,1609505109462110,2709374032,-1.011136,0.128832,-0.037088,-1.6275,8.81125,21.60375,37.352,-38.976,-67.424,eccentric,3,5.0,27003.0,31606.0,54945.0,85906.0,25698.0,40931.0,22178.0,49008.0,17552.0,13461.0
2026-05-06 15:54:06.005208,454049,1609505109476635,2709389038,-0.99552,0.062464,-0.099552,-0.98,8.155,19.005,37.208,-41.248,-66.504005,eccentric,3,5.0,27003.0,31606.0,54945.0,85906.0,25698.0,40931.0,22178.0,49008.0,17552.0,13461.0
2026-05-06 15:54:06.007629,454050,1609505109485579,2709397765,-0.99552,0.062464,-0.099552,-4.69875,9.28375,16.51125,37.208,-41.248,-66.504005,eccentric,3,5.0,27003.0,31606.0,54945.0,85906.0,25698.0,40931.0,22178.0,49008.0,17552.0,13461.0
2026-05-06 15:54:06.010041,454051,1609505109500376,2709412736,-1.009184,0.042944,0.093696,-14.805,8.9425,15.846251,37.104,-41.872,-66.256004,eccentric,3,5.0,27003.0,31606.0,54945.0,85906.0,25698.0,40931.0,22178.0,49008.0,17552.0,13461.0
2026-05-06 15:54:06.016433,454052,1609505109509416,2709421468,-1.009184,0.042944,0.093696,-14.7875,10.36,18.3575,37.104,-41.872,-66.256004,eccentric,3,5.0,27003.0,31606.0,54945.0,85906.0,25698.0,40931.0,22178.0,49008.0,17552.0,13461.0
2026-05-06 15:54:06.047777,454063,1609505109518699,2709430302,-1.038464,0.089792,-0.08784,-7.28875,11.55,22.11125,36.176003,-42.432003,-65.43201,eccentric,3,5.0,27269.0,31798.0,54479.0,86505.0,25935.0,41091.0,21987.0,49308.0,17655.0,13521.0
2026-05-06 15:54:06.050251,454064,1609505109533303,2709445394,-1.136064,0.113216,-0.279136,-4.76875,6.93,22.91625,35.952003,-43.984,-64.256004,eccentric,3,5.0,27269.0,31798.0,54479.0,86505.0,25935.0,41091.0,21987.0,49308.0,17655.0,13521.0
2026-05-06 15:54:06.052604,454065,1609505109542271,2709454108,-1.136064,0.113216,-0.279136,-0.77875,0.0,23.28375,35.952003,-43.984,-64.256004,eccentric,3,5.0,27269.0,31798.0,54479.0,86505.0,25935.0,41091.0,21987.0,49308.0,17655.0,13521.0
2026-05-06 15:54:06.066595,454066,1609505109556777,2709469109,-1.09312,0.017568,-0.033184,-1.77625,-6.825,22.3475,36.312,-44.384003,-65.28001,eccentric,3,5.0,27269.0,31798.0,54479.0,86505.0,25935.0,41091.0,21987.0,49308.0,17655.0,13521.0
2026-05-06 15:54:06.072675,454067,1609505109565690,2709477805,-1.09312,0.017568,-0.033184,-7.28875,-13.3,20.1425,36.312,-44.384003,-65.28001,eccentric,3,5.0,27269.0,31798.0,54479.0,86505.0,25935.0,41091.0,21987.0,49308.0,17655.0,13521.0
2026-05-06 15:54:06.106228,454068,1609505109580353,2709492750,-1.018944,0.062464,0.130784,-2.93125,-13.1425,23.0125,36.104,-42.192,-66.600006,eccentric,3,5.0,27269.0,31798.0,54479.0,86505.0,25935.0,41091.0,21987.0,49308.0,17655.0,13521.0
2026-05-06 15:54:06.108573,454069,1609505109589265,2709501469,-1.018944,0.062464,0.130784,1.855,-7.5775,31.43875,36.104,-42.192,-66.600006,eccentric,3,5.0,27269.0,31798.0,54479.0,86505.0,25935.0,41091.0,21987.0,49308.0,17655.0,13521.0
2026-05-06 15:54:06.111163,454070,1609505109598298,2709510223,-1.157536,0.220576,-0.158112,7.8575,-7.5425,36.61,35.456,-42.352,-66.472,eccentric,3,5.0,27269.0,31798.0,54479.0,86505.0,25935.0,41091.0,21987.0,49308.0,17655.0,13521.0
2026-05-06 15:54:06.120135,454071,1609505109612821,2709525175,-1.116544,0.163968,-0.154208,12.99375,-9.7825,32.3925,35.088,-44.384003,-64.816,eccentric,3,5.0,27269.0,31798.0,54479.0,86505.0,25935.0,41091.0,21987.0,49308.0,17655.0,13521.0
2026-05-06 15:54:06.150268,454082,1609505109621868,2709533974,-1.116544,0.163968,-0.154208,2.28375,-13.475,25.41875,35.088,-44.384003,-64.816,eccentric,3,5.0,27023.0,31411.0,54271.0,86369.0,25732.0,40749.0,21859.0,49258.0,17540.0,13358.0
2026-05-06 15:54:06.155253,454083,1609505109636464,2709548986,-1.177056,0.072224,0.007808,-9.4675,-13.72875,22.295,34.68,-44.992,-64.704,eccentric,3,5.0,27023.0,31411.0,54271.0,86369.0,25732.0,40749.0,21859.0,49258.0,17540.0,13358.0
2026-05-06 15:54:06.157704,454084,1609505109645391,2709557697,-1.177056,0.072224,0.007808,-10.42125,-14.7,21.39375,34.68,-44.992,-64.704,eccentric,3,5.0,27023.0,31411.0,54271.0,86369.0,25732.0,40749.0,21859.0,49258.0,17540.0,13358.0
2026-05-06 15:54:06.162038,454085,1609505109654312,2709566448,-1.196576,0.103456,-0.003904,-1.5925,-11.2,24.66625,34.456,-43.872,-65.48,eccentric,3,5.0,27023.0,31411.0,54271.0,86369.0,25732.0,40749.0,21859.0,49258.0,17540.0,13358.0
2026-05-06 15:54:06.174936,454086,1609505109668815,2709581436,-1.196576,0.103456,-0.003904,7.76125,-10.57,29.0325,34.456,-43.872,-65.48,eccentric,3,5.0,27023.0,31411.0,54271.0,86369.0,25732.0,40749.0,21859.0,49258.0,17540.0,13358.0
2026-05-06 15:54:06.188834,454087,1609505109677825,2709590214,-1.14192,0.163968,0.017568,4.305,-12.55625,31.255001,33.888,-44.344,-65.208,eccentric,3,5.0,27023.0,31411.0,54271.0,86369.0,25732.0,40749.0,21859.0,49258.0,17540.0,13358.0
2026-05-06 15:54:06.202743,454088,1609505109692391,2709605110,-1.14192,0.152256,-0.064416,1.12,-12.845,33.43375,33.888,-44.344,-63.160004,eccentric,3,5.0,27023.0,31411.0,54271.0,86369.0,25732.0,40749.0,21859.0,49258.0,17540.0,13358.0
2026-05-06 15:54:06.211530,454089,1609505109701313,2709613838,-1.136064,0.152256,-0.064416,1.645,-13.22125,30.178751,33.392002,-46.416,-62.728004,eccentric,3,5.0,27023.0,31411.0,54271.0,86369.0,25732.0,40749.0,21859.0,49258.0,17540.0,13358.0
2026-05-06 15:54:06.250051,454100,1609505109716087,2709628851,-1.18096,0.191296,-0.044896,0.49,-11.27,27.58875,32.84,-48.800003,-63.528004,eccentric,3,5.0,26825.0,31053.0,54098.0,86031.0,25543.0,40375.0,21781.0,49080.0,17398.0,13152.0
2026-05-06 15:54:06.254108,454101,1609505109725046,2709637683,-1.18096,0.191296,-0.044896,1.7675,-8.435,28.65625,32.84,-48.800003,-63.528004,eccentric,3,5.0,26825.0,31053.0,54098.0,86031.0,25543.0,40375.0,21781.0,49080.0,17398.0,13152.0
2026-05-06 15:54:06.259462,454102,1609505109734039,2709646438,-1.227808,0.193248,-0.05856,-0.5075,-9.38,27.16875,32.648003,-46.160004,-65.064,eccentric,3,5.0,26825.0,31053.0,54098.0,86031.0,25543.0,40375.0,21781.0,49080.0,17398.0,13152.0
2026-05-06 15:54:06.259930,454103,1609505109748562,2709659376,-1.227808,0.193248,-0.05856,2.5375,-10.386251,25.50625,32.648003,-46.160004,-65.064,eccentric,3,5.0,26825.0,31053.0,54098.0,86031.0,25543.0,40375.0,21781.0,49080.0,17398.0,13152.0
2026-05-06 15:54:06.263754,454104,1609505109757819,2709670251,-1.16144,0.132736,0.02928,-0.665,-14.35875,22.855,32.024002,-46.272003,-63.912003,eccentric,3,5.0,26825.0,31053.0,54098.0,86031.0,25543.0,40375.0,21781.0,49080.0,17398.0,13152.0
2026-05-06 15:54:06.280100,454105,1609505109772331,2709683128,-1.16144,0.132736,0.02928,-10.10625,-18.66375,22.12,32.024002,-46.272003,-63.912003,eccentric,3,5.0,26825.0,31053.0,54098.0,86031.0,25543.0,40375.0,21781.0,49080.0,17398.0,13152.0
2026-05-06 15:54:06.319061,454106,1609505109781570,2709693928,-1.212192,0.154208,-0.027328,-5.7575,-17.82375,25.725,31.496002,-47.888,-62.352,eccentric,3,5.0,26825.0,31053.0,54098.0,86031.0,25543.0,40375.0,21781.0,49080.0,17398.0,13152.0
2026-05-06 15:54:06.337764,454107,1609505109790540,2709702637,-1.212192,0.154208,-0.027328,4.1475,-16.94,26.241251,31.496002,-47.888,-62.352,eccentric,3,5.0,26825.0,31053.0,54098.0,86031.0,25543.0,40375.0,21781.0,49080.0,17398.0,13152.0
2026-05-06 15:54:06.349128,454108,1609505109805116,2709717721,-1.331264,0.158112,-0.02928,15.5225,-17.15875,26.32875,31.328001,-47.216003,-63.936005,eccentric,3,5.0,26825.0,31053.0,54098.0,86031.0,25543.0,40375.0,21781.0,49080.0,17398.0,13152.0
2026-05-06 15:54:06.351756,454109,1609505109814050,2709726482,-1.134112,0.21472,0.197152,13.1075,-17.75375,28.13125,30.584002,-47.616,-64.848,eccentric,3,5.0,26825.0,31053.0,54098.0,86031.0,25543.0,40375.0,21781.0,49080.0,17398.0,13152.0
2026-05-06 15:54:06.383779,454120,1609505109828646,2709739509,-1.134112,0.21472,0.197152,2.89625,-15.925,31.29875,30.584002,-47.616,-64.848,eccentric,3,5.0,26501.0,30607.0,54407.0,85447.0,25275.0,39934.0,21894.0,48815.0,17229.0,12963.0
2026-05-06 15:54:06.386213,454121,1609505109837954,2709750315,-1.136064,0.251808,0.052704,-0.98,-8.6625,31.98125,29.856,-48.144,-63.768,eccentric,3,5.0,26501.0,30607.0,54407.0,85447.0,25275.0,39934.0,21894.0,48815.0,17229.0,12963.0
2026-05-06 15:54:06.388561,454122,1609505109847007,2709759010,-1.136064,0.251808,0.052704,-6.545,-3.77125,26.74875,29.856,-48.144,-63.768,eccentric,3,5.0,26501.0,30607.0,54407.0,85447.0,25275.0,39934.0,21894.0,48815.0,17229.0,12963.0
2026-05-06 15:54:06.390955,454123,1609505109861565,2709773913,-1.169248,0.238144,0.0488,-10.80625,-0.70875,23.16125,29.312002,-48.632004,-63.272003,eccentric,3,5.0,26501.0,30607.0,54407.0,85447.0,25275.0,39934.0,21894.0,48815.0,17229.0,12963.0
2026-05-06 15:54:06.393503,454124,1609505109870549,2709782710,-1.169248,0.238144,0.0488,-21.18375,-0.84875,20.86875,29.312002,-48.632004,-63.272003,eccentric,3,5.0,26501.0,30607.0,54407.0,85447.0,25275.0,39934.0,21894.0,48815.0,17229.0,12963.0
2026-05-06 15:54:06.396052,454125,1609505109885151,2709797673,-1.216096,0.140544,-0.15616,-28.81375,-3.2725,20.50125,29.056002,-49.072002,-62.608,eccentric,3,5.0,26501.0,30607.0,54407.0,85447.0,25275.0,39934.0,21894.0,48815.0,17229.0,12963.0
2026-05-06 15:54:06.402609,454126,1609505109894091,2709806372,-1.214144,0.025376,-0.05856,-26.39,-7.21875,19.460001,29.056002,-51.120003,-62.344,eccentric,3,5.0,26501.0,30607.0,54407.0,85447.0,25275.0,39934.0,21894.0,48815.0,17229.0,12963.0
2026-05-06 15:54:06.426421,454127,1609505109908703,2709821300,-1.214144,0.025376,-0.05856,-22.855,-14.34125,19.075,28.448002,-49.312004,-62.344,eccentric,3,5.0,26501.0,30607.0,54407.0,85447.0,25275.0,39934.0,21894.0,48815.0,17229.0,12963.0
2026-05-06 15:54:06.453830,454138,1609505109918440,2709830223,-1.14192,0.095648,0.044896,-12.88,-18.445,24.03625,27.728,-49.528004,-61.752003,eccentric,3,5.0,26457.0,30563.0,54441.0,85316.0,25242.0,39906.0,21905.0,48724.0,17221.0,12956.0
2026-05-06 15:54:06.458894,454139,1609505109927594,2709839142,-1.14192,0.095648,0.044896,3.73625,-19.34625,31.10625,27.728,-49.528004,-61.752003,eccentric,3,5.0,26457.0,30563.0,54441.0,85316.0,25242.0,39906.0,21905.0,48724.0,17221.0,12956.0
2026-05-06 15:54:06.490237,454140,1609505109942239,2709854153,-1.198528,0.249856,0.013664,18.29625,-18.20875,32.3225,27.168001,-51.248,-60.784004,eccentric,3,5.0,26457.0,30563.0,54441.0,85316.0,25242.0,39906.0,21905.0,48724.0,17221.0,12956.0
2026-05-06 15:54:06.492666,454141,1609505109951270,2709862865,-1.198528,0.249856,0.013664,24.3075,-17.82375,29.81125,27.168001,-51.248,-60.784004,eccentric,3,5.0,26457.0,30563.0,54441.0,85316.0,25242.0,39906.0,21905.0,48724.0,17221.0,12956.0
2026-05-06 15:54:06.495300,454142,1609505109960324,2709871867,-1.212192,0.298656,0.007808,23.0125,-19.45125,25.50625,26.744001,-52.168003,-61.184002,eccentric,3,5.0,26457.0,30563.0,54441.0,85316.0,25242.0,39906.0,21905.0,48724.0,17221.0,12956.0
2026-05-06 15:54:06.497771,454143,1609505109974842,2709886828,-1.179008,0.16592,0.00976,14.105001,-21.805,20.0025,26.744001,-50.304,-61.912003,eccentric,3,5.0,26457.0,30563.0,54441.0,85316.0,25242.0,39906.0,21905.0,48724.0,17221.0,12956.0
2026-05-06 15:54:06.500246,454144,1609505109983788,2709895525,-1.179008,0.16592,0.00976,3.5,-25.05125,14.25375,26.704,-50.304,-61.912003,eccentric,3,5.0,26457.0,30563.0,54441.0,85316.0,25242.0,39906.0,21905.0,48724.0,17221.0,12956.0
2026-05-06 15:54:06.506492,454145,1609505109998312,2709910607,-1.182912,0.0976,0.11712,-3.9725,-26.075,9.70375,26.136002,-50.56,-61.816,eccentric,3,5.0,26457.0,30563.0,54441.0,85316.0,25242.0,39906.0,21905.0,48724.0,17221.0,12956.0
2026-05-06 15:54:06.515220,454146,1609505110007229,2709919319,-1.182912,0.0976,0.11712,-5.985,-26.52125,7.91,26.136002,-50.56,-61.816,eccentric,3,5.0,26457.0,30563.0,54441.0,85316.0,25242.0,39906.0,21905.0,48724.0,17221.0,12956.0
2026-05-06 15:54:06.551352,454158,1609505110021879,2709934304,-1.233664,0.111264,0.085888,0.67375,-22.68,8.365,25.976002,-51.120003,-61.512,eccentric,3,5.0,25667.0,29946.0,55030.0,84229.0,24577.0,39293.0,22117.0,48178.0,16825.0,12672.0
2026-05-06 15:54:06.553819,454159,1609505110030930,2709943108,-1.233664,0.111264,0.085888,7.79625,-19.2675,10.255,25.976002,-51.120003,-61.512,eccentric,3,5.0,25667.0,29946.0,55030.0,84229.0,24577.0,39293.0,22117.0,48178.0,16825.0,12672.0
2026-05-06 15:54:06.556375,454160,1609505110040034,2709951989,-1.221952,0.132736,0.054656,7.7525,-18.725,10.99875,25.424002,-54.264004,-58.728004,eccentric,3,5.0,25667.0,29946.0,55030.0,84229.0,24577.0,39293.0,22117.0,48178.0,16825.0,12672.0
2026-05-06 15:54:06.562582,454161,1609505110054572,2709966969,-1.221952,0.132736,0.054656,4.4625,-17.66625,11.2175,25.424002,-54.264004,-58.728004,eccentric,3,5.0,25667.0,29946.0,55030.0,84229.0,24577.0,39293.0,22117.0,48178.0,16825.0,12672.0
2026-05-06 15:54:06.571405,454162,1609505110063525,2709975672,-1.198528,0.103456,0.050752,1.96,-16.73,11.655,25.096,-53.256004,-60.512,eccentric,3,5.0,25667.0,29946.0,55030.0,84229.0,24577.0,39293.0,22117.0,48178.0,16825.0,12672.0
2026-05-06 15:54:06.588976,454163,1609505110078064,2709990716,-1.20048,0.093696,0.101504,1.12,-14.385,12.88875,24.76,-51.592003,-60.816,eccentric,3,5.0,25667.0,29946.0,55030.0,84229.0,24577.0,39293.0,22117.0,48178.0,16825.0,12672.0
2026-05-06 15:54:06.595237,454164,1609505110087093,2709999414,-1.20048,0.093696,0.101504,3.61375,-12.50375,14.14875,24.76,-51.592003,-60.816,eccentric,3,5.0,25667.0,29946.0,55030.0,84229.0,24577.0,39293.0,22117.0,48178.0,16825.0,12672.0
2026-05-06 15:54:06.603992,454165,1609505110096009,2710008131,-1.184864,0.103456,0.064416,6.545,-10.6925,14.875,24.136002,-52.728,-60.472004,eccentric,3,5.0,25667.0,29946.0,55030.0,84229.0,24577.0,39293.0,22117.0,48178.0,16825.0,12672.0
2026-05-06 15:54:06.620272,454166,1609505110110539,2710023034,-1.184864,0.103456,0.064416,7.2625,-9.2575,14.945,24.136002,-52.728,-60.472004,eccentric,3,5.0,25667.0,29946.0,55030.0,84229.0,24577.0,39293.0,22117.0,48178.0,16825.0,12672.0
2026-05-06 15:54:06.647538,454177,1609505110119628,2710031799,-1.14192,0.111264,0.025376,6.44875,-8.75,15.33875,23.976002,-51.856003,-61.064003,eccentric,3,5.0,24974.0,29550.0,55859.0,82982.0,23955.0,38931.0,22518.0,47538.0,16442.0,12514.0
2026-05-06 15:54:06.650050,454178,1609505110134323,2710046794,-1.14192,0.111264,0.025376,6.125,-7.665,15.54,23.976002,-51.856003,-61.064003,eccentric,3,5.0,24974.0,29550.0,55859.0,82982.0,23955.0,38931.0,22518.0,47538.0,16442.0,12514.0
2026-05-06 15:54:06.652583,454179,1609505110143324,2710055531,-1.14192,0.091744,0.037088,4.64625,-6.195,14.735,23.536001,-53.912003,-59.432003,eccentric,3,5.0,24974.0,29550.0,55859.0,82982.0,23955.0,38931.0,22518.0,47538.0,16442.0,12514.0
2026-05-06 15:54:06.680214,454180,1609505110157849,2710070455,-1.136064,0.083936,0.062464,3.22,-5.355,13.9825,23.112001,-52.232002,-60.456,eccentric,3,5.0,24974.0,29550.0,55859.0,82982.0,23955.0,38931.0,22518.0,47538.0,16442.0,12514.0
2026-05-06 15:54:06.705253,454181,1609505110166758,2710079176,-1.136064,0.083936,0.062464,4.85625,-4.2,13.53625,23.112001,-52.232002,-60.456,eccentric,3,5.0,24974.0,29550.0,55859.0,82982.0,23955.0,38931.0,22518.0,47538.0,16442.0,12514.0
2026-05-06 15:54:06.719001,454182,1609505110175814,2710087893,-1.136064,0.083936,0.044896,7.7875,-3.3425,12.59125,23.112001,-52.232002,-60.456,eccentric,3,5.0,24974.0,29550.0,55859.0,82982.0,23955.0,38931.0,22518.0,47538.0,16442.0,12514.0
2026-05-06 15:54:06.724651,454183,1609505110190344,2710102910,-1.126304,0.099552,0.044896,9.6075,-1.56625,12.66125,22.920002,-52.272003,-62.56,eccentric,3,5.0,24974.0,29550.0,55859.0,82982.0,23955.0,38931.0,22518.0,47538.0,16442.0,12514.0
2026-05-06 15:54:06.725066,454184,1609505110199403,2710111618,-1.09312,0.0976,0.03904,9.03,-0.1925,13.64125,22.496,-52.592003,-61.304005,eccentric,3,5.0,24974.0,29550.0,55859.0,82982.0,23955.0,38931.0,22518.0,47538.0,16442.0,12514.0
2026-05-06 15:54:06.726326,454185,1609505110213919,2710126575,-1.09312,0.0976,0.03904,4.2175,0.3325,13.51,22.496,-52.592003,-61.304005,eccentric,3,5.0,24974.0,29550.0,55859.0,82982.0,23955.0,38931.0,22518.0,47538.0,16442.0,12514.0
2026-05-06 15:54:06.753862,454196,1609505110223008,2710135336,-1.065792,0.095648,0.07808,1.1025,1.47875,13.13375,22.144001,-52.24,-61.264004,eccentric,3,5.0,24376.0,29281.0,56374.0,82099.0,23402.0,38615.0,22717.0,47038.0,16128.0,12417.0
2026-05-06 15:54:06.756399,454197,1609505110232097,2710144337,-1.065792,0.095648,0.07808,0.4725,1.925,11.97,22.144001,-52.24,-61.264004,eccentric,3,5.0,24376.0,29281.0,56374.0,82099.0,23402.0,38615.0,22717.0,47038.0,16128.0,12417.0
2026-05-06 15:54:06.758810,454198,1609505110246616,2710159265,-1.085312,0.101504,0.0488,1.51375,2.98375,10.6225,22.080002,-53.248,-61.496002,eccentric,3,5.0,24376.0,29281.0,56374.0,82099.0,23402.0,38615.0,22717.0,47038.0,16128.0,12417.0
2026-05-06 15:54:06.765127,454199,1609505110255712,2710168027,-1.085312,0.101504,0.0488,4.27875,3.2375,10.26375,22.080002,-53.248,-61.496002,eccentric,3,5.0,24376.0,29281.0,56374.0,82099.0,23402.0,38615.0,22717.0,47038.0,16128.0,12417.0
2026-05-06 15:54:06.780207,454200,1609505110270397,2710183059,-1.061888,0.08784,0.070272,4.1125,3.49125,9.66875,21.712002,-53.296,-60.424004,eccentric,3,5.0,24376.0,29281.0,56374.0,82099.0,23402.0,38615.0,22717.0,47038.0,16128.0,12417.0
2026-05-06 15:54:06.786459,454201,1609505110279325,2710191758,-1.056032,0.062464,0.083936,5.1975,3.0625,9.2575,21.416,-52.952003,-61.504,eccentric,3,5.0,24376.0,29281.0,56374.0,82099.0,23402.0,38615.0,22717.0,47038.0,16128.0,12417.0
2026-05-06 15:54:06.795189,454202,1609505110288384,2710200509,-1.056032,0.062464,0.083936,9.21375,2.9925,9.0825,21.416,-52.952003,-61.504,eccentric,3,5.0,24376.0,29281.0,56374.0,82099.0,23402.0,38615.0,22717.0,47038.0,16128.0,12417.0
2026-05-06 15:54:06.812651,454203,1609505110302925,2710215436,-1.056032,0.113216,0.109312,12.20625,2.59875,8.61875,21.44,-53.024002,-61.760002,eccentric,3,5.0,24376.0,29281.0,56374.0,82099.0,23402.0,38615.0,22717.0,47038.0,16128.0,12417.0
2026-05-06 15:54:06.818754,454204,1609505110311844,2710224340,-1.056032,0.113216,0.109312,13.43125,4.13875,9.4325,21.44,-53.024002,-61.760002,eccentric,3,5.0,24376.0,29281.0,56374.0,82099.0,23402.0,38615.0,22717.0,47038.0,16128.0,12417.0
